{"data":[
  {
    "YEAR": 2021,
    "MONTH_NUMBER": 11,
    "INITIATED_BY": "Red Nacional de Casas de Acogida",
    "EDAD": 26,
    "ETNIA": "Mestiza",
    "ESTADO_CIVIL": "No se conoce",
    "EMBARAZO": "No",
    "FECHA": "2021-11-08",
    "JUDICIALIZACION": "Sí",
    "STATUS": "Indagación previa",
    "RELACION": "No se conoce",
    "NEIGHBOURHOOD": "GUAYAS",
    "CANTON": "GUAYAQUIL",
    "COMPLAINT": "Otro",
    "COUNT": 1
  },
  {
    "YEAR": 2021,
    "MONTH_NUMBER": 11,
    "INITIATED_BY": "Red Nacional de Casas de Acogida",
    "EDAD": 52,
    "ETNIA": "Mestiza",
    "ESTADO_CIVIL": "Casada",
    "EMBARAZO": "No",
    "FECHA": "2021-11-07",
    "JUDICIALIZACION": "Sí",
    "STATUS": "Indagación previa",
    "RELACION": "Esposo / Pareja / Conviviente",
    "NEIGHBOURHOOD": "GUAYAS",
    "CANTON": "GUAYAQUIL",
    "COMPLAINT": "Femicidio / feminicidio",
    "COUNT": 1
  },
  {
    "YEAR": 2021,
    "MONTH_NUMBER": 11,
    "INITIATED_BY": "Red Nacional de Casas de Acogida",
    "EDAD": 57,
    "ETNIA": "Mestiza",
    "ESTADO_CIVIL": "No se conoce",
    "EMBARAZO": "No",
    "FECHA": "2021-11-06",
    "JUDICIALIZACION": "Sí",
    "STATUS": "Indagación previa",
    "RELACION": "Ninguna",
    "NEIGHBOURHOOD": "LOS RÍOS",
    "CANTON": "QUEVEDO",
    "COMPLAINT": "Otro",
    "COUNT": 1
  },
  {
    "YEAR": 2021,
    "MONTH_NUMBER": 11,
    "INITIATED_BY": "Red Nacional de Casas de Acogida",
    "EDAD": 34,
    "ETNIA": "Mestiza",
    "ESTADO_CIVIL": "No se conoce",
    "EMBARAZO": "No",
    "FECHA": "2021-11-06",
    "JUDICIALIZACION": "Sí",
    "STATUS": "Indagación previa",
    "RELACION": "Ninguna",
    "NEIGHBOURHOOD": "LOS RÍOS",
    "CANTON": "QUEVEDO",
    "COMPLAINT": "Otro",
    "COUNT": 1
  },
  {
    "YEAR": 2021,
    "MONTH_NUMBER": 11,
    "INITIATED_BY": "Red Nacional de Casas de Acogida",
    "EDAD": 14,
    "ETNIA": "Mestiza",
    "ESTADO_CIVIL": "Soltera",
    "EMBARAZO": "No",
    "FECHA": "2021-11-05",
    "JUDICIALIZACION": "Sí",
    "STATUS": "Indagación previa",
    "RELACION": "Novio / Enamorado / Pretendiente",
    "NEIGHBOURHOOD": "LOS RÍOS",
    "CANTON": "MOCACHE",
    "COMPLAINT": "Femicidio / feminicidio",
    "COUNT": 1
  },
  {
    "YEAR": 2021,
    "MONTH_NUMBER": 11,
    "INITIATED_BY": "Red Nacional de Casas de Acogida",
    "EDAD": 40,
    "ETNIA": "Mestiza",
    "ESTADO_CIVIL": "Casada",
    "EMBARAZO": "No",
    "FECHA": "2021-10-21",
    "JUDICIALIZACION": "Sí",
    "STATUS": "Indagación previa",
    "RELACION": "Ninguna",
    "NEIGHBOURHOOD": "MANABÍ",
    "CANTON": "PORTOVIEJO",
    "COMPLAINT": "Otro",
    "COUNT": 1
  },
  {
    "YEAR": 2021,
    "MONTH_NUMBER": 11,
    "INITIATED_BY": "Red Nacional de Casas de Acogida",
    "EDAD": 30,
    "ETNIA": "Mestiza",
    "ESTADO_CIVIL": "Soltera",
    "EMBARAZO": "No",
    "FECHA": "2021-10-18",
    "JUDICIALIZACION": "Sí",
    "STATUS": "Indagación previa",
    "RELACION": "Ninguna",
    "NEIGHBOURHOOD": "GUAYAS",
    "CANTON": "GUAYAQUIL",
    "COMPLAINT": "Otro",
    "COUNT": 1
  },
  {
    "YEAR": 2021,
    "MONTH_NUMBER": 11,
    "INITIATED_BY": "Red Nacional de Casas de Acogida",
    "EDAD": 35,
    "ETNIA": "Mestiza",
    "ESTADO_CIVIL": "Soltera",
    "EMBARAZO": "No",
    "FECHA": "2021-10-17",
    "JUDICIALIZACION": "Sí",
    "STATUS": "Instrucción fiscal",
    "RELACION": "Exesposo / Expareja / Exconviviente",
    "NEIGHBOURHOOD": "PASTAZA",
    "CANTON": "PASTAZA",
    "COMPLAINT": "Femicidio / feminicidio",
    "COUNT": 1
  },
  {
    "YEAR": 2021,
    "MONTH_NUMBER": 11,
    "INITIATED_BY": "Red Nacional de Casas de Acogida",
    "EDAD": 0,
    "ETNIA": "Mestiza",
    "ESTADO_CIVIL": "Viuda",
    "EMBARAZO": "No",
    "FECHA": "2021-10-17",
    "JUDICIALIZACION": "Sí",
    "STATUS": "Indagación previa",
    "RELACION": "Ninguna",
    "NEIGHBOURHOOD": "GUAYAS",
    "CANTON": "GUAYAQUIL",
    "COMPLAINT": "Otro",
    "COUNT": 1
  },
  {
    "YEAR": 2021,
    "MONTH_NUMBER": 11,
    "INITIATED_BY": "Red Nacional de Casas de Acogida",
    "EDAD": 22,
    "ETNIA": "Mestiza",
    "ESTADO_CIVIL": "Unión Libre",
    "EMBARAZO": "No",
    "FECHA": "2021-10-15",
    "JUDICIALIZACION": "Sí",
    "STATUS": "Indagación previa",
    "RELACION": "Esposo / Pareja / Conviviente",
    "NEIGHBOURHOOD": "MANABÍ",
    "CANTON": "PICHINCHA",
    "COMPLAINT": "Femicidio / feminicidio",
    "COUNT": 1
  },
  {
    "YEAR": 2021,
    "MONTH_NUMBER": 11,
    "INITIATED_BY": "Red Nacional de Casas de Acogida",
    "EDAD": 34,
    "ETNIA": "Mestiza",
    "ESTADO_CIVIL": "Soltera",
    "EMBARAZO": "No",
    "FECHA": "2021-10-14",
    "JUDICIALIZACION": "Sí",
    "STATUS": "Instrucción fiscal",
    "RELACION": "Otra",
    "NEIGHBOURHOOD": "GUAYAS",
    "CANTON": "GUAYAQUIL",
    "COMPLAINT": "Femicidio / feminicidio",
    "COUNT": 1
  },
  {
    "YEAR": 2021,
    "MONTH_NUMBER": 11,
    "INITIATED_BY": "Red Nacional de Casas de Acogida",
    "EDAD": 31,
    "ETNIA": "Mestiza",
    "ESTADO_CIVIL": "Unión Libre",
    "EMBARAZO": "No",
    "FECHA": "2021-10-14",
    "JUDICIALIZACION": "Sí",
    "STATUS": "Indagación previa",
    "RELACION": "Esposo / Pareja / Conviviente",
    "NEIGHBOURHOOD": "EL ORO",
    "CANTON": "PASAJE",
    "COMPLAINT": "Femicidio / feminicidio",
    "COUNT": 1
  },
  {
    "YEAR": 2021,
    "MONTH_NUMBER": 11,
    "INITIATED_BY": "Red Nacional de Casas de Acogida",
    "EDAD": 30,
    "ETNIA": "Mestiza",
    "ESTADO_CIVIL": "No se conoce",
    "EMBARAZO": "No",
    "FECHA": "2021-10-14",
    "JUDICIALIZACION": "Sí",
    "STATUS": "Indagación previa",
    "RELACION": "Ninguna",
    "NEIGHBOURHOOD": "GUAYAS",
    "CANTON": "DURÁN",
    "COMPLAINT": "Otro",
    "COUNT": 1
  },
  {
    "YEAR": 2021,
    "MONTH_NUMBER": 11,
    "INITIATED_BY": "Red Nacional de Casas de Acogida",
    "EDAD": 30,
    "ETNIA": "Mestiza",
    "ESTADO_CIVIL": "Casada",
    "EMBARAZO": "No",
    "FECHA": "2021-10-09",
    "JUDICIALIZACION": "Sí",
    "STATUS": "Indagación previa",
    "RELACION": "Ninguna",
    "NEIGHBOURHOOD": "GUAYAS",
    "CANTON": "GUAYAQUIL",
    "COMPLAINT": "Otro",
    "COUNT": 1
  },
  {
    "YEAR": 2021,
    "MONTH_NUMBER": 11,
    "INITIATED_BY": "Red Nacional de Casas de Acogida",
    "EDAD": 43,
    "ETNIA": "Mestiza",
    "ESTADO_CIVIL": "Casada",
    "EMBARAZO": "No",
    "FECHA": "2021-10-02",
    "JUDICIALIZACION": "Sí",
    "STATUS": "Indagación previa",
    "RELACION": "No se conoce",
    "NEIGHBOURHOOD": "LOS RÍOS",
    "CANTON": "QUEVEDO",
    "COMPLAINT": "Otro",
    "COUNT": 1
  },
  {
    "YEAR": 2021,
    "MONTH_NUMBER": 11,
    "INITIATED_BY": "Red Nacional de Casas de Acogida",
    "EDAD": 34,
    "ETNIA": "Mestiza",
    "ESTADO_CIVIL": "Unión Libre",
    "EMBARAZO": "No",
    "FECHA": "2021-10-01",
    "JUDICIALIZACION": "Sí",
    "STATUS": "Indagación previa",
    "RELACION": "Esposo / Pareja / Conviviente",
    "NEIGHBOURHOOD": "GUAYAS",
    "CANTON": "GUAYAQUIL",
    "COMPLAINT": "Transfeminicidio",
    "COUNT": 1
  },
  {
    "YEAR": 2021,
    "MONTH_NUMBER": 11,
    "INITIATED_BY": "Red Nacional de Casas de Acogida",
    "EDAD": 20,
    "ETNIA": "Indígena",
    "ESTADO_CIVIL": "No se conoce",
    "EMBARAZO": "No",
    "FECHA": "2021-10-01",
    "JUDICIALIZACION": "Sí",
    "STATUS": "Instrucción fiscal",
    "RELACION": "Exesposo / Expareja / Exconviviente",
    "NEIGHBOURHOOD": "PICHINCHA",
    "CANTON": "PEDRO MONCAYO",
    "COMPLAINT": "Femicidio / feminicidio",
    "COUNT": 1
  },
  {
    "YEAR": 2021,
    "MONTH_NUMBER": 9,
    "INITIATED_BY": "Red Nacional de Casas de Acogida",
    "EDAD": 24,
    "ETNIA": "Mestiza",
    "ESTADO_CIVIL": "No se conoce",
    "EMBARAZO": "No",
    "FECHA": "2021-09-25",
    "JUDICIALIZACION": "Sí",
    "STATUS": "Indagación previa",
    "RELACION": "No se conoce",
    "NEIGHBOURHOOD": "GUAYAS",
    "CANTON": "BALZAR",
    "COMPLAINT": "Femicidio / feminicidio",
    "COUNT": 1
  },
  {
    "YEAR": 2021,
    "MONTH_NUMBER": 11,
    "INITIATED_BY": "Red Nacional de Casas de Acogida",
    "EDAD": 26,
    "ETNIA": "Mestiza",
    "ESTADO_CIVIL": "Soltera",
    "EMBARAZO": "No",
    "FECHA": "2021-09-25",
    "JUDICIALIZACION": "Sí",
    "STATUS": "Indagación previa",
    "RELACION": "No se conoce",
    "NEIGHBOURHOOD": "GUAYAS",
    "CANTON": "GUAYAQUIL",
    "COMPLAINT": "Femicidio / feminicidio",
    "COUNT": 1
  },
  {
    "YEAR": 2021,
    "MONTH_NUMBER": 11,
    "INITIATED_BY": "Red Nacional de Casas de Acogida",
    "EDAD": 28,
    "ETNIA": "Mestiza",
    "ESTADO_CIVIL": "No se conoce",
    "EMBARAZO": "No",
    "FECHA": "2021-09-21",
    "JUDICIALIZACION": "Sí",
    "STATUS": "Indagación previa",
    "RELACION": "Ninguna",
    "NEIGHBOURHOOD": "GUAYAS",
    "CANTON": "SAN JACINTO DE YAGUACHI",
    "COMPLAINT": "Femicidio / feminicidio",
    "COUNT": 1
  },
  {
    "YEAR": 2021,
    "MONTH_NUMBER": 9,
    "INITIATED_BY": "Red Nacional de Casas de Acogida",
    "EDAD": 26,
    "ETNIA": "Mestiza",
    "ESTADO_CIVIL": "Casada",
    "EMBARAZO": "No",
    "FECHA": "2021-09-19",
    "JUDICIALIZACION": "Sí",
    "STATUS": "Indagación previa",
    "RELACION": "Esposo / Pareja / Conviviente",
    "NEIGHBOURHOOD": "EL ORO",
    "CANTON": "EL GUABO",
    "COMPLAINT": "Femicidio / feminicidio",
    "COUNT": 1
  },
  {
    "YEAR": 2021,
    "MONTH_NUMBER": 11,
    "INITIATED_BY": "Red Nacional de Casas de Acogida",
    "EDAD": 21,
    "ETNIA": "Mestiza",
    "ESTADO_CIVIL": "Casada",
    "EMBARAZO": "No",
    "FECHA": "2021-09-19",
    "JUDICIALIZACION": "Sí",
    "STATUS": "Indagación previa",
    "RELACION": "Ninguna",
    "NEIGHBOURHOOD": "GUAYAS",
    "CANTON": "DURÁN",
    "COMPLAINT": "Otro",
    "COUNT": 1
  },
  {
    "YEAR": 2021,
    "MONTH_NUMBER": 9,
    "INITIATED_BY": "Red Nacional de Casas de Acogida",
    "EDAD": 38,
    "ETNIA": "Mestiza",
    "ESTADO_CIVIL": "Casada",
    "EMBARAZO": "No",
    "FECHA": "2021-09-18",
    "JUDICIALIZACION": "Sí",
    "STATUS": "Indagación previa",
    "RELACION": "Esposo / Pareja / Conviviente",
    "NEIGHBOURHOOD": "EL ORO",
    "CANTON": "PASAJE",
    "COMPLAINT": "Femicidio / feminicidio",
    "COUNT": 1
  },
  {
    "YEAR": 2021,
    "MONTH_NUMBER": 11,
    "INITIATED_BY": "Red Nacional de Casas de Acogida",
    "EDAD": 75,
    "ETNIA": "Mestiza",
    "ESTADO_CIVIL": "Casada",
    "EMBARAZO": "No",
    "FECHA": "2021-09-18",
    "JUDICIALIZACION": "Sí",
    "STATUS": "Indagación previa",
    "RELACION": "Ninguna",
    "NEIGHBOURHOOD": "GUAYAS",
    "CANTON": "GUAYAQUIL",
    "COMPLAINT": "Otro",
    "COUNT": 1
  },
  {
    "YEAR": 2021,
    "MONTH_NUMBER": 9,
    "INITIATED_BY": "Red Nacional de Casas de Acogida",
    "EDAD": 0,
    "ETNIA": "Mestiza",
    "ESTADO_CIVIL": "Soltera",
    "EMBARAZO": "No",
    "FECHA": "2021-09-17",
    "JUDICIALIZACION": "Sí",
    "STATUS": "Indagación previa",
    "RELACION": "Exesposo / Expareja / Exconviviente",
    "NEIGHBOURHOOD": "SUCUMBIOS",
    "CANTON": "LAGO AGRIO",
    "COMPLAINT": "Femicidio / feminicidio",
    "COUNT": 1
  },
  {
    "YEAR": 2021,
    "MONTH_NUMBER": 9,
    "INITIATED_BY": "Red Nacional de Casas de Acogida",
    "EDAD": 3,
    "ETNIA": "Mestiza",
    "ESTADO_CIVIL": "Soltera",
    "EMBARAZO": "No aplica",
    "FECHA": "2021-09-17",
    "JUDICIALIZACION": "Sí",
    "STATUS": "Indagación previa",
    "RELACION": "Padre / padrastro",
    "NEIGHBOURHOOD": "LOJA",
    "CANTON": "LOJA",
    "COMPLAINT": "Femicidio / feminicidio",
    "COUNT": 1
  },
  {
    "YEAR": 2021,
    "MONTH_NUMBER": 9,
    "INITIATED_BY": "Red Nacional de Casas de Acogida",
    "EDAD": 37,
    "ETNIA": "Mestiza",
    "ESTADO_CIVIL": "Unión Libre",
    "EMBARAZO": "No",
    "FECHA": "2021-09-10",
    "JUDICIALIZACION": "Sí",
    "STATUS": "Indagación previa",
    "RELACION": "Esposo / Pareja / Conviviente",
    "NEIGHBOURHOOD": "TUNGURAHUA",
    "CANTON": "SAN PEDRO DE PELILEO",
    "COMPLAINT": "Femicidio / feminicidio",
    "COUNT": 1
  },
  {
    "YEAR": 2021,
    "MONTH_NUMBER": 11,
    "INITIATED_BY": "Red Nacional de Casas de Acogida",
    "EDAD": 40,
    "ETNIA": "Afro",
    "ESTADO_CIVIL": "No se conoce",
    "EMBARAZO": "No",
    "FECHA": "2021-09-10",
    "JUDICIALIZACION": "Sí",
    "STATUS": "Indagación previa",
    "RELACION": "Ninguna",
    "NEIGHBOURHOOD": "PICHINCHA",
    "CANTON": "DISTRITO METROPOLITANO DE QUITO",
    "COMPLAINT": "Otro",
    "COUNT": 1
  },
  {
    "YEAR": 2021,
    "MONTH_NUMBER": 9,
    "INITIATED_BY": "Red Nacional de Casas de Acogida",
    "EDAD": 55,
    "ETNIA": "Mestiza",
    "ESTADO_CIVIL": "No se conoce",
    "EMBARAZO": "No",
    "FECHA": "2021-09-09",
    "JUDICIALIZACION": "Sí",
    "STATUS": "Indagación previa",
    "RELACION": "Otra",
    "NEIGHBOURHOOD": "GUAYAS",
    "CANTON": "GUAYAQUIL",
    "COMPLAINT": "Femicidio / feminicidio",
    "COUNT": 1
  },
  {
    "YEAR": 2021,
    "MONTH_NUMBER": 9,
    "INITIATED_BY": "Red Nacional de Casas de Acogida",
    "EDAD": 31,
    "ETNIA": "Mestiza",
    "ESTADO_CIVIL": "Unión Libre",
    "EMBARAZO": "No",
    "FECHA": "2021-09-09",
    "JUDICIALIZACION": "Sí",
    "STATUS": "Instrucción fiscal",
    "RELACION": "Esposo / Pareja / Conviviente",
    "NEIGHBOURHOOD": "PICHINCHA",
    "CANTON": "CAYAMBE",
    "COMPLAINT": "Femicidio / feminicidio",
    "COUNT": 1
  },
  {
    "YEAR": 2021,
    "MONTH_NUMBER": 11,
    "INITIATED_BY": "Red Nacional de Casas de Acogida",
    "EDAD": 55,
    "ETNIA": "Mestiza",
    "ESTADO_CIVIL": "Casada",
    "EMBARAZO": "No",
    "FECHA": "2021-09-09",
    "JUDICIALIZACION": "Sí",
    "STATUS": "Indagación previa",
    "RELACION": "Familiar",
    "NEIGHBOURHOOD": "GUAYAS",
    "CANTON": "GUAYAQUIL",
    "COMPLAINT": "Femicidio / feminicidio",
    "COUNT": 1
  },
  {
    "YEAR": 2021,
    "MONTH_NUMBER": 11,
    "INITIATED_BY": "Red Nacional de Casas de Acogida",
    "EDAD": 24,
    "ETNIA": "Mestiza",
    "ESTADO_CIVIL": "Unión Libre",
    "EMBARAZO": "No",
    "FECHA": "2021-09-03",
    "JUDICIALIZACION": "Sí",
    "STATUS": "Indagación previa",
    "RELACION": "Ninguna",
    "NEIGHBOURHOOD": "LOS RÍOS",
    "CANTON": "QUEVEDO",
    "COMPLAINT": "Otro",
    "COUNT": 1
  },
  {
    "YEAR": 2021,
    "MONTH_NUMBER": 11,
    "INITIATED_BY": "Red Nacional de Casas de Acogida",
    "EDAD": 35,
    "ETNIA": "Mestiza",
    "ESTADO_CIVIL": "Unión Libre",
    "EMBARAZO": "No",
    "FECHA": "2021-09-03",
    "JUDICIALIZACION": "Sí",
    "STATUS": "Indagación previa",
    "RELACION": "Ninguna",
    "NEIGHBOURHOOD": "LOS RÍOS",
    "CANTON": "QUEVEDO",
    "COMPLAINT": "Otro",
    "COUNT": 1
  },
  {
    "YEAR": 2021,
    "MONTH_NUMBER": 9,
    "INITIATED_BY": "Red Nacional de Casas de Acogida",
    "EDAD": 60,
    "ETNIA": "Mestiza",
    "ESTADO_CIVIL": "No se conoce",
    "EMBARAZO": "No",
    "FECHA": "2021-09-01",
    "JUDICIALIZACION": "Sí",
    "STATUS": "Indagación previa",
    "RELACION": "No se conoce",
    "NEIGHBOURHOOD": "GUAYAS",
    "CANTON": "SAN JACINTO DE YAGUACHI",
    "COMPLAINT": "Otro",
    "COUNT": 1
  },
  {
    "YEAR": 2021,
    "MONTH_NUMBER": 9,
    "INITIATED_BY": "Red Nacional de Casas de Acogida",
    "EDAD": 20,
    "ETNIA": "Mestiza",
    "ESTADO_CIVIL": "No se conoce",
    "EMBARAZO": "No",
    "FECHA": "2021-08-29",
    "JUDICIALIZACION": "Sí",
    "STATUS": "Indagación previa",
    "RELACION": "Ninguna",
    "NEIGHBOURHOOD": "TUNGURAHUA",
    "CANTON": "AMBATO",
    "COMPLAINT": "Femicidio / feminicidio",
    "COUNT": 1
  },
  {
    "YEAR": 2021,
    "MONTH_NUMBER": 9,
    "INITIATED_BY": "Red Nacional de Casas de Acogida",
    "EDAD": 0,
    "ETNIA": "Mestiza",
    "ESTADO_CIVIL": "No se conoce",
    "EMBARAZO": "No",
    "FECHA": "2021-08-29",
    "JUDICIALIZACION": "Sí",
    "STATUS": "Indagación previa",
    "RELACION": "Ninguna",
    "NEIGHBOURHOOD": "GUAYAS",
    "CANTON": "GUAYAQUIL",
    "COMPLAINT": "Otro",
    "COUNT": 1
  },
  {
    "YEAR": 2021,
    "MONTH_NUMBER": 9,
    "INITIATED_BY": "Red Nacional de Casas de Acogida",
    "EDAD": 36,
    "ETNIA": "Mestiza",
    "ESTADO_CIVIL": "Unión Libre",
    "EMBARAZO": "No",
    "FECHA": "2021-08-28",
    "JUDICIALIZACION": "Sí",
    "STATUS": "Indagación previa",
    "RELACION": "Ninguna",
    "NEIGHBOURHOOD": "GUAYAS",
    "CANTON": "GUAYAQUIL",
    "COMPLAINT": "Otro",
    "COUNT": 1
  },
  {
    "YEAR": 2021,
    "MONTH_NUMBER": 10,
    "INITIATED_BY": "Red Nacional de Casas de Acogida",
    "EDAD": 23,
    "ETNIA": "Afro",
    "ESTADO_CIVIL": "No se conoce",
    "EMBARAZO": "Sí",
    "FECHA": "2021-08-28",
    "JUDICIALIZACION": "Sí",
    "STATUS": "Indagación previa",
    "RELACION": "No se conoce",
    "NEIGHBOURHOOD": "ESMERALDAS",
    "CANTON": "QUININDÉ",
    "COMPLAINT": "Femicidio / feminicidio",
    "COUNT": 1
  },
  {
    "YEAR": 2021,
    "MONTH_NUMBER": 8,
    "INITIATED_BY": "Red Nacional de Casas de Acogida",
    "EDAD": 35,
    "ETNIA": "Mestiza",
    "ESTADO_CIVIL": "Unión Libre",
    "EMBARAZO": "No",
    "FECHA": "2021-08-22",
    "JUDICIALIZACION": "Sí",
    "STATUS": "Instrucción fiscal",
    "RELACION": "Exesposo / Expareja / Exconviviente",
    "NEIGHBOURHOOD": "GUAYAS",
    "CANTON": "URBINA JADO",
    "COMPLAINT": "Femicidio / feminicidio",
    "COUNT": 1
  },
  {
    "YEAR": 2021,
    "MONTH_NUMBER": 9,
    "INITIATED_BY": "Red Nacional de Casas de Acogida",
    "EDAD": 17,
    "ETNIA": "Mestiza",
    "ESTADO_CIVIL": "Soltera",
    "EMBARAZO": "No",
    "FECHA": "2021-08-19",
    "JUDICIALIZACION": "Sí",
    "STATUS": "Instrucción fiscal",
    "RELACION": "Familiar",
    "NEIGHBOURHOOD": "MORONA SANTIAGO",
    "CANTON": "PALORA",
    "COMPLAINT": "Femicidio / feminicidio",
    "COUNT": 1
  },
  {
    "YEAR": 2021,
    "MONTH_NUMBER": 9,
    "INITIATED_BY": "Red Nacional de Casas de Acogida",
    "EDAD": 0,
    "ETNIA": "Indígena",
    "ESTADO_CIVIL": "Soltera",
    "EMBARAZO": "Sí",
    "FECHA": "2021-08-18",
    "JUDICIALIZACION": "Sí",
    "STATUS": "Indagación previa",
    "RELACION": "Novio / Enamorado / Pretendiente",
    "NEIGHBOURHOOD": "LOJA",
    "CANTON": "SARAGURO",
    "COMPLAINT": "Femicidio / feminicidio",
    "COUNT": 1
  },
  {
    "YEAR": 2021,
    "MONTH_NUMBER": 8,
    "INITIATED_BY": "Red Nacional de Casas de Acogida",
    "EDAD": 46,
    "ETNIA": "Mestiza",
    "ESTADO_CIVIL": "Casada",
    "EMBARAZO": "No",
    "FECHA": "2021-08-15",
    "JUDICIALIZACION": "Sí",
    "STATUS": "Indagación previa",
    "RELACION": "Ninguna",
    "NEIGHBOURHOOD": "MANABÍ",
    "CANTON": "PORTOVIEJO",
    "COMPLAINT": "Otro",
    "COUNT": 1
  },
  {
    "YEAR": 2021,
    "MONTH_NUMBER": 8,
    "INITIATED_BY": "Red Nacional de Casas de Acogida",
    "EDAD": 35,
    "ETNIA": "Mestiza",
    "ESTADO_CIVIL": "No se conoce",
    "EMBARAZO": "No se conoce",
    "FECHA": "2021-08-15",
    "JUDICIALIZACION": "Sí",
    "STATUS": "Indagación previa",
    "RELACION": "Ninguna",
    "NEIGHBOURHOOD": "GUAYAS",
    "CANTON": "GUAYAQUIL",
    "COMPLAINT": "Otro",
    "COUNT": 1
  },
  {
    "YEAR": 2021,
    "MONTH_NUMBER": 8,
    "INITIATED_BY": "Red Nacional de Casas de Acogida",
    "EDAD": 50,
    "ETNIA": "Mestiza",
    "ESTADO_CIVIL": "No se conoce",
    "EMBARAZO": "No",
    "FECHA": "2021-08-13",
    "JUDICIALIZACION": "Sí",
    "STATUS": "Indagación previa",
    "RELACION": "No se conoce",
    "NEIGHBOURHOOD": "LOS RÍOS",
    "CANTON": "QUINSALOMA",
    "COMPLAINT": "Otro",
    "COUNT": 1
  },
  {
    "YEAR": 2021,
    "MONTH_NUMBER": 8,
    "INITIATED_BY": "Red Nacional de Casas de Acogida",
    "EDAD": 35,
    "ETNIA": "Mestiza",
    "ESTADO_CIVIL": "Unión Libre",
    "EMBARAZO": "No",
    "FECHA": "2021-08-10",
    "JUDICIALIZACION": "Sí",
    "STATUS": "Indagación previa",
    "RELACION": "Esposo / Pareja / Conviviente",
    "NEIGHBOURHOOD": "SUCUMBIOS",
    "CANTON": "LAGO AGRIO",
    "COMPLAINT": "Femicidio / feminicidio",
    "COUNT": 1
  },
  {
    "YEAR": 2021,
    "MONTH_NUMBER": 8,
    "INITIATED_BY": "Red Nacional de Casas de Acogida",
    "EDAD": 32,
    "ETNIA": "Mestiza",
    "ESTADO_CIVIL": "Unión Libre",
    "EMBARAZO": "No",
    "FECHA": "2021-08-09",
    "JUDICIALIZACION": "Sí",
    "STATUS": "Indagación previa",
    "RELACION": "Esposo / Pareja / Conviviente",
    "NEIGHBOURHOOD": "SANTO DOMINGO DE LOS TSÁCHILAS",
    "CANTON": "LA CONCORDIA",
    "COMPLAINT": "Femicidio / feminicidio",
    "COUNT": 1
  },
  {
    "YEAR": 2021,
    "MONTH_NUMBER": 8,
    "INITIATED_BY": "Red Nacional de Casas de Acogida",
    "EDAD": 23,
    "ETNIA": "Mestiza",
    "ESTADO_CIVIL": "Soltera",
    "EMBARAZO": "No",
    "FECHA": "2021-08-07",
    "JUDICIALIZACION": "Sí",
    "STATUS": "Indagación previa",
    "RELACION": "No se conoce",
    "NEIGHBOURHOOD": "SANTA ELENA",
    "CANTON": "LA LIBERTAD",
    "COMPLAINT": "Femicidio / feminicidio",
    "COUNT": 1
  },
  {
    "YEAR": 2021,
    "MONTH_NUMBER": 8,
    "INITIATED_BY": "Red Nacional de Casas de Acogida",
    "EDAD": 25,
    "ETNIA": "Mestiza",
    "ESTADO_CIVIL": "Soltera",
    "EMBARAZO": "No",
    "FECHA": "2021-08-07",
    "JUDICIALIZACION": "No se conoce",
    "STATUS": "nd",
    "RELACION": "Esposo / Pareja / Conviviente",
    "NEIGHBOURHOOD": "GUAYAS",
    "CANTON": "GUAYAQUIL",
    "COMPLAINT": "Transfeminicidio",
    "COUNT": 1
  },
  {
    "YEAR": 2021,
    "MONTH_NUMBER": 8,
    "INITIATED_BY": "Red Nacional de Casas de Acogida",
    "EDAD": 34,
    "ETNIA": "Mestiza",
    "ESTADO_CIVIL": "Unión Libre",
    "EMBARAZO": "No",
    "FECHA": "2021-08-05",
    "JUDICIALIZACION": "Sí",
    "STATUS": "Indagación previa",
    "RELACION": "Ninguna",
    "NEIGHBOURHOOD": "ESMERALDAS",
    "CANTON": "QUININDÉ",
    "COMPLAINT": "Femicidio / feminicidio",
    "COUNT": 1
  },
  {
    "YEAR": 2021,
    "MONTH_NUMBER": 8,
    "INITIATED_BY": "Red Nacional de Casas de Acogida",
    "EDAD": 43,
    "ETNIA": "Mestiza",
    "ESTADO_CIVIL": "Soltera",
    "EMBARAZO": "No",
    "FECHA": "2021-08-01",
    "JUDICIALIZACION": "Sí",
    "STATUS": "Indagación previa",
    "RELACION": "Amigos / Conocidos",
    "NEIGHBOURHOOD": "PICHINCHA",
    "CANTON": "DISTRITO METROPOLITANO DE QUITO",
    "COMPLAINT": "Femicidio / feminicidio",
    "COUNT": 1
  },
  {
    "YEAR": 2021,
    "MONTH_NUMBER": 8,
    "INITIATED_BY": "Red Nacional de Casas de Acogida",
    "EDAD": 27,
    "ETNIA": "Mestiza",
    "ESTADO_CIVIL": "Soltera",
    "EMBARAZO": "No",
    "FECHA": "2021-08-01",
    "JUDICIALIZACION": "No se conoce",
    "STATUS": "nd",
    "RELACION": "Ninguna",
    "NEIGHBOURHOOD": "GUAYAS",
    "CANTON": "DAULE",
    "COMPLAINT": "Otro",
    "COUNT": 1
  },
  {
    "YEAR": 2021,
    "MONTH_NUMBER": 8,
    "INITIATED_BY": "Red Nacional de Casas de Acogida",
    "EDAD": 39,
    "ETNIA": "Mestiza",
    "ESTADO_CIVIL": "No se conoce",
    "EMBARAZO": "No se conoce",
    "FECHA": "2021-07-31",
    "JUDICIALIZACION": "Sí",
    "STATUS": "Indagación previa",
    "RELACION": "No se conoce",
    "NEIGHBOURHOOD": "GUAYAS",
    "CANTON": "GUAYAQUIL",
    "COMPLAINT": "Otro",
    "COUNT": 1
  },
  {
    "YEAR": 2021,
    "MONTH_NUMBER": 8,
    "INITIATED_BY": "Red Nacional de Casas de Acogida",
    "EDAD": 48,
    "ETNIA": "Mestiza",
    "ESTADO_CIVIL": "No se conoce",
    "EMBARAZO": "No",
    "FECHA": "2021-07-31",
    "JUDICIALIZACION": "Sí",
    "STATUS": "Instrucción fiscal",
    "RELACION": "Ninguna",
    "NEIGHBOURHOOD": "MANABÍ",
    "CANTON": "PUERTO LÓPEZ",
    "COMPLAINT": "Otro",
    "COUNT": 1
  },
  {
    "YEAR": 2021,
    "MONTH_NUMBER": 8,
    "INITIATED_BY": "Red Nacional de Casas de Acogida",
    "EDAD": 35,
    "ETNIA": "Mestiza",
    "ESTADO_CIVIL": "Casada",
    "EMBARAZO": "No",
    "FECHA": "2021-07-30",
    "JUDICIALIZACION": "Sí",
    "STATUS": "Indagación previa",
    "RELACION": "No se conoce",
    "NEIGHBOURHOOD": "GUAYAS",
    "CANTON": "GUAYAQUIL",
    "COMPLAINT": "Otro",
    "COUNT": 1
  },
  {
    "YEAR": 2021,
    "MONTH_NUMBER": 8,
    "INITIATED_BY": "Red Nacional de Casas de Acogida",
    "EDAD": 41,
    "ETNIA": "Mestiza",
    "ESTADO_CIVIL": "Casada",
    "EMBARAZO": "No",
    "FECHA": "2021-07-29",
    "JUDICIALIZACION": "Sí",
    "STATUS": "Indagación previa",
    "RELACION": "Ninguna",
    "NEIGHBOURHOOD": "GUAYAS",
    "CANTON": "GUAYAQUIL",
    "COMPLAINT": "Otro",
    "COUNT": 1
  },
  {
    "YEAR": 2021,
    "MONTH_NUMBER": 8,
    "INITIATED_BY": "CEDHU",
    "EDAD": 36,
    "ETNIA": "Indígena",
    "ESTADO_CIVIL": "Casada",
    "EMBARAZO": "No",
    "FECHA": "2021-07-24",
    "JUDICIALIZACION": "Sí",
    "STATUS": "Instrucción fiscal",
    "RELACION": "Esposo / Pareja / Conviviente",
    "NEIGHBOURHOOD": "IMBABURA",
    "CANTON": "IBARRA",
    "COMPLAINT": "Femicidio / feminicidio",
    "COUNT": 1
  },
  {
    "YEAR": 2021,
    "MONTH_NUMBER": 8,
    "INITIATED_BY": "Red Nacional de Casas de Acogida",
    "EDAD": 35,
    "ETNIA": "Mestiza",
    "ESTADO_CIVIL": "Soltera",
    "EMBARAZO": "No",
    "FECHA": "2021-07-21",
    "JUDICIALIZACION": "Sí",
    "STATUS": "Indagación previa",
    "RELACION": "Esposo / Pareja / Conviviente",
    "NEIGHBOURHOOD": "ESMERALDAS",
    "CANTON": "ATACAMES",
    "COMPLAINT": "Femicidio / feminicidio",
    "COUNT": 1
  },
  {
    "YEAR": 2021,
    "MONTH_NUMBER": 7,
    "INITIATED_BY": "Red Nacional de Casas de Acogida",
    "EDAD": 19,
    "ETNIA": "Mestiza",
    "ESTADO_CIVIL": "Soltera",
    "EMBARAZO": "No",
    "FECHA": "2021-07-18",
    "JUDICIALIZACION": "Sí",
    "STATUS": "Indagación previa",
    "RELACION": "Novio / Enamorado / Pretendiente",
    "NEIGHBOURHOOD": "CHIMBORAZO",
    "CANTON": "RIOBAMBA",
    "COMPLAINT": "Femicidio / feminicidio",
    "COUNT": 1
  },
  {
    "YEAR": 2021,
    "MONTH_NUMBER": 7,
    "INITIATED_BY": "Red Nacional de Casas de Acogida",
    "EDAD": 13,
    "ETNIA": "Mestiza",
    "ESTADO_CIVIL": "Soltera",
    "EMBARAZO": "No",
    "FECHA": "2021-07-17",
    "JUDICIALIZACION": "No se conoce",
    "STATUS": "nd",
    "RELACION": "No se conoce",
    "NEIGHBOURHOOD": "ESMERALDAS",
    "CANTON": "ESMERALDAS",
    "COMPLAINT": "Otro",
    "COUNT": 1
  },
  {
    "YEAR": 2021,
    "MONTH_NUMBER": 7,
    "INITIATED_BY": "Red Nacional de Casas de Acogida",
    "EDAD": 81,
    "ETNIA": "Mestiza",
    "ESTADO_CIVIL": "Casada",
    "EMBARAZO": "No",
    "FECHA": "2021-07-05",
    "JUDICIALIZACION": "Sí",
    "STATUS": "Indagación previa",
    "RELACION": "Esposo / Pareja / Conviviente",
    "NEIGHBOURHOOD": "GUAYAS",
    "CANTON": "GUAYAQUIL",
    "COMPLAINT": "Femicidio / feminicidio",
    "COUNT": 1
  },
  {
    "YEAR": 2021,
    "MONTH_NUMBER": 7,
    "INITIATED_BY": "Red Nacional de Casas de Acogida",
    "EDAD": 53,
    "ETNIA": "Mestiza",
    "ESTADO_CIVIL": "Soltera",
    "EMBARAZO": "No aplica",
    "FECHA": "2021-07-03",
    "JUDICIALIZACION": "Sí",
    "STATUS": "Instrucción fiscal",
    "RELACION": "Amigos / Conocidos",
    "NEIGHBOURHOOD": "GUAYAS",
    "CANTON": "GUAYAQUIL",
    "COMPLAINT": "Transfeminicidio",
    "COUNT": 1
  },
  {
    "YEAR": 2021,
    "MONTH_NUMBER": 8,
    "INITIATED_BY": "Red Nacional de Casas de Acogida",
    "EDAD": 27,
    "ETNIA": "Mestiza",
    "ESTADO_CIVIL": "No se conoce",
    "EMBARAZO": "No",
    "FECHA": "2021-07-01",
    "JUDICIALIZACION": "Sí",
    "STATUS": "Indagación previa",
    "RELACION": "Ninguna",
    "NEIGHBOURHOOD": "IMBABURA",
    "CANTON": "IBARRA",
    "COMPLAINT": "Femicidio / feminicidio",
    "COUNT": 1
  },
  {
    "YEAR": 2021,
    "MONTH_NUMBER": 9,
    "INITIATED_BY": "Red Nacional de Casas de Acogida",
    "EDAD": 24,
    "ETNIA": "Afro",
    "ESTADO_CIVIL": "No se conoce",
    "EMBARAZO": "No se conoce",
    "FECHA": "2021-06-30",
    "JUDICIALIZACION": "Sí",
    "STATUS": "Indagación previa",
    "RELACION": "No se conoce",
    "NEIGHBOURHOOD": "ORELLANA",
    "CANTON": "ORELLANA",
    "COMPLAINT": "Femicidio / feminicidio",
    "COUNT": 1
  },
  {
    "YEAR": 2021,
    "MONTH_NUMBER": 7,
    "INITIATED_BY": "Red Nacional de Casas de Acogida",
    "EDAD": 19,
    "ETNIA": "Mestiza",
    "ESTADO_CIVIL": "Soltera",
    "EMBARAZO": "No",
    "FECHA": "2021-06-29",
    "JUDICIALIZACION": "",
    "STATUS": "nd",
    "RELACION": "Ninguna",
    "NEIGHBOURHOOD": "MANABÍ",
    "CANTON": "PICHINCHA",
    "COMPLAINT": "Femicidio / feminicidio",
    "COUNT": 1
  },
  {
    "YEAR": 2021,
    "MONTH_NUMBER": 7,
    "INITIATED_BY": "Red Nacional de Casas de Acogida",
    "EDAD": 600,
    "ETNIA": "Mestiza",
    "ESTADO_CIVIL": "Soltera",
    "EMBARAZO": "No aplica",
    "FECHA": "2021-06-29",
    "JUDICIALIZACION": "Sí",
    "STATUS": "Indagación previa",
    "RELACION": "Padre / padrastro",
    "NEIGHBOURHOOD": "GUAYAS",
    "CANTON": "GUAYAQUIL",
    "COMPLAINT": "Muerte violenta por maltrato infantil",
    "COUNT": 1
  },
  {
    "YEAR": 2021,
    "MONTH_NUMBER": 10,
    "INITIATED_BY": "Red Nacional de Casas de Acogida",
    "EDAD": 16,
    "ETNIA": "No se conoce",
    "ESTADO_CIVIL": "Soltera",
    "EMBARAZO": "Sí",
    "FECHA": "2021-06-23",
    "JUDICIALIZACION": "Sí",
    "STATUS": "Instrucción fiscal",
    "RELACION": "Padre / padrastro",
    "NEIGHBOURHOOD": "TUNGURAHUA",
    "CANTON": "MOCHA",
    "COMPLAINT": "Femicidio / feminicidio",
    "COUNT": 1
  },
  {
    "YEAR": 2021,
    "MONTH_NUMBER": 6,
    "INITIATED_BY": "Red Nacional de Casas de Acogida",
    "EDAD": 0,
    "ETNIA": "Mestiza",
    "ESTADO_CIVIL": "No se conoce",
    "EMBARAZO": "No aplica",
    "FECHA": "2021-06-22",
    "JUDICIALIZACION": "No se conoce",
    "STATUS": "nd",
    "RELACION": "No se conoce",
    "NEIGHBOURHOOD": "GUAYAS",
    "CANTON": "NARANJAL",
    "COMPLAINT": "Transfeminicidio",
    "COUNT": 1
  },
  {
    "YEAR": 2021,
    "MONTH_NUMBER": 6,
    "INITIATED_BY": "Red Nacional de Casas de Acogida",
    "EDAD": 57,
    "ETNIA": "Mestiza",
    "ESTADO_CIVIL": "Casada",
    "EMBARAZO": "No",
    "FECHA": "2021-06-20",
    "JUDICIALIZACION": "Sí",
    "STATUS": "Instrucción fiscal",
    "RELACION": "Esposo / Pareja / Conviviente",
    "NEIGHBOURHOOD": "AZUAY",
    "CANTON": "CUENCA",
    "COMPLAINT": "Femicidio / feminicidio",
    "COUNT": 1
  },
  {
    "YEAR": 2021,
    "MONTH_NUMBER": 6,
    "INITIATED_BY": "Red Nacional de Casas de Acogida",
    "EDAD": 41,
    "ETNIA": "Mestiza",
    "ESTADO_CIVIL": "No se conoce",
    "EMBARAZO": "No se conoce",
    "FECHA": "2021-06-20",
    "JUDICIALIZACION": "Sí",
    "STATUS": "Instrucción fiscal",
    "RELACION": "Familiar",
    "NEIGHBOURHOOD": "SUCUMBIOS",
    "CANTON": "PUTUMAYO",
    "COMPLAINT": "Femicidio / feminicidio",
    "COUNT": 1
  },
  {
    "YEAR": 2021,
    "MONTH_NUMBER": 7,
    "INITIATED_BY": "Red Nacional de Casas de Acogida",
    "EDAD": 21,
    "ETNIA": "Mestiza",
    "ESTADO_CIVIL": "Soltera",
    "EMBARAZO": "No",
    "FECHA": "2021-06-18",
    "JUDICIALIZACION": "Sí",
    "STATUS": "Instrucción fiscal",
    "RELACION": "Exesposo / Expareja / Exconviviente",
    "NEIGHBOURHOOD": "PICHINCHA",
    "CANTON": "DISTRITO METROPOLITANO DE QUITO",
    "COMPLAINT": "Femicidio / feminicidio",
    "COUNT": 1
  },
  {
    "YEAR": 2021,
    "MONTH_NUMBER": 6,
    "INITIATED_BY": "Red Nacional de Casas de Acogida",
    "EDAD": 49,
    "ETNIA": "Mestiza",
    "ESTADO_CIVIL": "No se conoce",
    "EMBARAZO": "No",
    "FECHA": "2021-06-17",
    "JUDICIALIZACION": "Sí",
    "STATUS": "Indagación previa",
    "RELACION": "No se conoce",
    "NEIGHBOURHOOD": "ESMERALDAS",
    "CANTON": "SAN LORENZO",
    "COMPLAINT": "Otro",
    "COUNT": 1
  },
  {
    "YEAR": 2021,
    "MONTH_NUMBER": 6,
    "INITIATED_BY": "Red Nacional de Casas de Acogida",
    "EDAD": 26,
    "ETNIA": "Mestiza",
    "ESTADO_CIVIL": "Soltera",
    "EMBARAZO": "No",
    "FECHA": "2021-06-16",
    "JUDICIALIZACION": "Sí",
    "STATUS": "Indagación previa",
    "RELACION": "Ninguna",
    "NEIGHBOURHOOD": "TUNGURAHUA",
    "CANTON": "AMBATO",
    "COMPLAINT": "Otro",
    "COUNT": 1
  },
  {
    "YEAR": 2021,
    "MONTH_NUMBER": 6,
    "INITIATED_BY": "Red Nacional de Casas de Acogida",
    "EDAD": 0,
    "ETNIA": "Mestiza",
    "ESTADO_CIVIL": "No se conoce",
    "EMBARAZO": "No",
    "FECHA": "2021-06-11",
    "JUDICIALIZACION": "Sí",
    "STATUS": "Indagación previa",
    "RELACION": "No se conoce",
    "NEIGHBOURHOOD": "GUAYAS",
    "CANTON": "GUAYAQUIL",
    "COMPLAINT": "Transfeminicidio",
    "COUNT": 1
  },
  {
    "YEAR": 2021,
    "MONTH_NUMBER": 6,
    "INITIATED_BY": "Red Nacional de Casas de Acogida",
    "EDAD": 45,
    "ETNIA": "Afro",
    "ESTADO_CIVIL": "No se conoce",
    "EMBARAZO": "No",
    "FECHA": "2021-06-08",
    "JUDICIALIZACION": "Sí",
    "STATUS": "Indagación previa",
    "RELACION": "Ninguna",
    "NEIGHBOURHOOD": "GUAYAS",
    "CANTON": "NARANJAL",
    "COMPLAINT": "Otro",
    "COUNT": 1
  },
  {
    "YEAR": 2021,
    "MONTH_NUMBER": 6,
    "INITIATED_BY": "Red Nacional de Casas de Acogida",
    "EDAD": 0,
    "ETNIA": "Mestiza",
    "ESTADO_CIVIL": "No se conoce",
    "EMBARAZO": "No",
    "FECHA": "2021-06-06",
    "JUDICIALIZACION": "No se conoce",
    "STATUS": "nd",
    "RELACION": "Esposo / Pareja / Conviviente",
    "NEIGHBOURHOOD": "GUAYAS",
    "CANTON": "GUAYAQUIL",
    "COMPLAINT": "Femicidio / feminicidio",
    "COUNT": 1
  },
  {
    "YEAR": 2021,
    "MONTH_NUMBER": 6,
    "INITIATED_BY": "Red Nacional de Casas de Acogida",
    "EDAD": 42,
    "ETNIA": "Mestiza",
    "ESTADO_CIVIL": "Divorciada",
    "EMBARAZO": "No",
    "FECHA": "2021-06-06",
    "JUDICIALIZACION": "Sí",
    "STATUS": "Indagación previa",
    "RELACION": "Exesposo / Expareja / Exconviviente",
    "NEIGHBOURHOOD": "LOS RÍOS",
    "CANTON": "BUENA FÉ",
    "COMPLAINT": "Femicidio / feminicidio",
    "COUNT": 1
  },
  {
    "YEAR": 2021,
    "MONTH_NUMBER": 6,
    "INITIATED_BY": "Red Nacional de Casas de Acogida",
    "EDAD": 22,
    "ETNIA": "Mestiza",
    "ESTADO_CIVIL": "Soltera",
    "EMBARAZO": "No",
    "FECHA": "2021-05-30",
    "JUDICIALIZACION": "Sí",
    "STATUS": "Indagación previa",
    "RELACION": "No se conoce",
    "NEIGHBOURHOOD": "LOS RÍOS",
    "CANTON": "BABAHOYO",
    "COMPLAINT": "Otro",
    "COUNT": 1
  },
  {
    "YEAR": 2021,
    "MONTH_NUMBER": 6,
    "INITIATED_BY": "Red Nacional de Casas de Acogida",
    "EDAD": 26,
    "ETNIA": "Mestiza",
    "ESTADO_CIVIL": "No se conoce",
    "EMBARAZO": "No se conoce",
    "FECHA": "2021-05-30",
    "JUDICIALIZACION": "Sí",
    "STATUS": "Indagación previa",
    "RELACION": "Ninguna",
    "NEIGHBOURHOOD": "MANABÍ",
    "CANTON": "SANTA ANA",
    "COMPLAINT": "Otro",
    "COUNT": 1
  },
  {
    "YEAR": 2021,
    "MONTH_NUMBER": 6,
    "INITIATED_BY": "Red Nacional de Casas de Acogida",
    "EDAD": 36,
    "ETNIA": "Mestiza",
    "ESTADO_CIVIL": "Casada",
    "EMBARAZO": "No",
    "FECHA": "2021-05-28",
    "JUDICIALIZACION": "Sí",
    "STATUS": "Indagación previa",
    "RELACION": "Esposo / Pareja / Conviviente",
    "NEIGHBOURHOOD": "MANABÍ",
    "CANTON": "PUERTO LÓPEZ",
    "COMPLAINT": "Femicidio / feminicidio",
    "COUNT": 1
  },
  {
    "YEAR": 2021,
    "MONTH_NUMBER": 6,
    "INITIATED_BY": "Red Nacional de Casas de Acogida",
    "EDAD": 68,
    "ETNIA": "Mestiza",
    "ESTADO_CIVIL": "No se conoce",
    "EMBARAZO": "No",
    "FECHA": "2021-05-28",
    "JUDICIALIZACION": "Sí",
    "STATUS": "Indagación previa",
    "RELACION": "No se conoce",
    "NEIGHBOURHOOD": "GUAYAS",
    "CANTON": "GUAYAQUIL",
    "COMPLAINT": "Otro",
    "COUNT": 1
  },
  {
    "YEAR": 2021,
    "MONTH_NUMBER": 6,
    "INITIATED_BY": "Red Nacional de Casas de Acogida",
    "EDAD": 58,
    "ETNIA": "Mestiza",
    "ESTADO_CIVIL": "No se conoce",
    "EMBARAZO": "No",
    "FECHA": "2021-05-23",
    "JUDICIALIZACION": "Sí",
    "STATUS": "Indagación previa",
    "RELACION": "Ninguna",
    "NEIGHBOURHOOD": "GUAYAS",
    "CANTON": "GUAYAQUIL",
    "COMPLAINT": "Otro",
    "COUNT": 1
  },
  {
    "YEAR": 2021,
    "MONTH_NUMBER": 6,
    "INITIATED_BY": "Red Nacional de Casas de Acogida",
    "EDAD": 0,
    "ETNIA": "Mestiza",
    "ESTADO_CIVIL": "Unión Libre",
    "EMBARAZO": "No",
    "FECHA": "2021-05-23",
    "JUDICIALIZACION": "Sí",
    "STATUS": "Indagación previa",
    "RELACION": "Ninguna",
    "NEIGHBOURHOOD": "GUAYAS",
    "CANTON": "DURÁN",
    "COMPLAINT": "Otro",
    "COUNT": 1
  },
  {
    "YEAR": 2021,
    "MONTH_NUMBER": 6,
    "INITIATED_BY": "Red Nacional de Casas de Acogida",
    "EDAD": 46,
    "ETNIA": "Mestiza",
    "ESTADO_CIVIL": "Casada",
    "EMBARAZO": "No",
    "FECHA": "2021-05-20",
    "JUDICIALIZACION": "Sí",
    "STATUS": "Instrucción fiscal",
    "RELACION": "Exesposo / Expareja / Exconviviente",
    "NEIGHBOURHOOD": "TUNGURAHUA",
    "CANTON": "AMBATO",
    "COMPLAINT": "Femicidio / feminicidio",
    "COUNT": 1
  },
  {
    "YEAR": 2021,
    "MONTH_NUMBER": 6,
    "INITIATED_BY": "Red Nacional de Casas de Acogida",
    "EDAD": 0,
    "ETNIA": "Indígena",
    "ESTADO_CIVIL": "Soltera",
    "EMBARAZO": "No",
    "FECHA": "2021-05-20",
    "JUDICIALIZACION": "Sí",
    "STATUS": "Indagación previa",
    "RELACION": "Novio / Enamorado / Pretendiente",
    "NEIGHBOURHOOD": "COTOPAXI",
    "CANTON": "PUJILÍ",
    "COMPLAINT": "Femicidio / feminicidio",
    "COUNT": 1
  },
  {
    "YEAR": 2021,
    "MONTH_NUMBER": 9,
    "INITIATED_BY": "Red Nacional de Casas de Acogida",
    "EDAD": 29,
    "ETNIA": "Mestiza",
    "ESTADO_CIVIL": "Divorciada",
    "EMBARAZO": "No",
    "FECHA": "2021-05-19",
    "JUDICIALIZACION": "Sí",
    "STATUS": "Indagación previa",
    "RELACION": "Esposo / Pareja / Conviviente",
    "NEIGHBOURHOOD": "PICHINCHA",
    "CANTON": "DISTRITO METROPOLITANO DE QUITO",
    "COMPLAINT": "Femicidio / feminicidio",
    "COUNT": 1
  },
  {
    "YEAR": 2021,
    "MONTH_NUMBER": 5,
    "INITIATED_BY": "Red Nacional de Casas de Acogida",
    "EDAD": 4,
    "ETNIA": "Mestiza",
    "ESTADO_CIVIL": "Soltera",
    "EMBARAZO": "No aplica",
    "FECHA": "2021-05-19",
    "JUDICIALIZACION": "Sí",
    "STATUS": "Indagación previa",
    "RELACION": "Familiar",
    "NEIGHBOURHOOD": "LOS RÍOS",
    "CANTON": "QUEVEDO",
    "COMPLAINT": "Femicidio / feminicidio",
    "COUNT": 1
  },
  {
    "YEAR": 2021,
    "MONTH_NUMBER": 6,
    "INITIATED_BY": "Red Nacional de Casas de Acogida",
    "EDAD": 26,
    "ETNIA": "Mestiza",
    "ESTADO_CIVIL": "Soltera",
    "EMBARAZO": "No",
    "FECHA": "2021-05-19",
    "JUDICIALIZACION": "Sí",
    "STATUS": "Indagación previa",
    "RELACION": "No se conoce",
    "NEIGHBOURHOOD": "GUAYAS",
    "CANTON": "BALZAR",
    "COMPLAINT": "Femicidio / feminicidio",
    "COUNT": 1
  },
  {
    "YEAR": 2021,
    "MONTH_NUMBER": 5,
    "INITIATED_BY": "Red Nacional de Casas de Acogida",
    "EDAD": 45,
    "ETNIA": "Mestiza",
    "ESTADO_CIVIL": "Casada",
    "EMBARAZO": "No",
    "FECHA": "2021-05-14",
    "JUDICIALIZACION": "Sí",
    "STATUS": "Indagación previa",
    "RELACION": "No se conoce",
    "NEIGHBOURHOOD": "LOS RÍOS",
    "CANTON": "URDANETA",
    "COMPLAINT": "Otro",
    "COUNT": 1
  },
  {
    "YEAR": 2021,
    "MONTH_NUMBER": 5,
    "INITIATED_BY": "Red Nacional de Casas de Acogida",
    "EDAD": 28,
    "ETNIA": "Mestiza",
    "ESTADO_CIVIL": "Casada",
    "EMBARAZO": "No",
    "FECHA": "2021-05-13",
    "JUDICIALIZACION": "Sí",
    "STATUS": "Indagación previa",
    "RELACION": "Esposo / Pareja / Conviviente",
    "NEIGHBOURHOOD": "COTOPAXI",
    "CANTON": "LATACUNGA",
    "COMPLAINT": "Femicidio / feminicidio",
    "COUNT": 1
  },
  {
    "YEAR": 2021,
    "MONTH_NUMBER": 5,
    "INITIATED_BY": "Red Nacional de Casas de Acogida",
    "EDAD": 0,
    "ETNIA": "Mestiza",
    "ESTADO_CIVIL": "Casada",
    "EMBARAZO": "No",
    "FECHA": "2021-05-08",
    "JUDICIALIZACION": "Sí",
    "STATUS": "Indagación previa",
    "RELACION": "Esposo / Pareja / Conviviente",
    "NEIGHBOURHOOD": "GUAYAS",
    "CANTON": "GUAYAQUIL",
    "COMPLAINT": "Femicidio / feminicidio",
    "COUNT": 1
  },
  {
    "YEAR": 2021,
    "MONTH_NUMBER": 5,
    "INITIATED_BY": "Red Nacional de Casas de Acogida",
    "EDAD": 40,
    "ETNIA": "Mestiza",
    "ESTADO_CIVIL": "No se conoce",
    "EMBARAZO": "No",
    "FECHA": "2021-05-07",
    "JUDICIALIZACION": "Sí",
    "STATUS": "Instrucción fiscal",
    "RELACION": "No se conoce",
    "NEIGHBOURHOOD": "GUAYAS",
    "CANTON": "GUAYAQUIL",
    "COMPLAINT": "Otro",
    "COUNT": 1
  },
  {
    "YEAR": 2021,
    "MONTH_NUMBER": 5,
    "INITIATED_BY": "Red Nacional de Casas de Acogida",
    "EDAD": 48,
    "ETNIA": "Mestiza",
    "ESTADO_CIVIL": "No se conoce",
    "EMBARAZO": "No",
    "FECHA": "2021-05-07",
    "JUDICIALIZACION": "Sí",
    "STATUS": "Indagación previa",
    "RELACION": "Ninguna",
    "NEIGHBOURHOOD": "GUAYAS",
    "CANTON": "GUAYAQUIL",
    "COMPLAINT": "Otro",
    "COUNT": 1
  },
  {
    "YEAR": 2021,
    "MONTH_NUMBER": 5,
    "INITIATED_BY": "Red Nacional de Casas de Acogida",
    "EDAD": 41,
    "ETNIA": "Mestiza",
    "ESTADO_CIVIL": "No se conoce",
    "EMBARAZO": "No se conoce",
    "FECHA": "2021-05-05",
    "JUDICIALIZACION": "Sí",
    "STATUS": "Indagación previa",
    "RELACION": "No se conoce",
    "NEIGHBOURHOOD": "GUAYAS",
    "CANTON": "GUAYAQUIL",
    "COMPLAINT": "Otro",
    "COUNT": 1
  },
  {
    "YEAR": 2021,
    "MONTH_NUMBER": 5,
    "INITIATED_BY": "Red Nacional de Casas de Acogida",
    "EDAD": 42,
    "ETNIA": "Mestiza",
    "ESTADO_CIVIL": "Casada",
    "EMBARAZO": "No",
    "FECHA": "2021-05-04",
    "JUDICIALIZACION": "Sí",
    "STATUS": "Indagación previa",
    "RELACION": "Esposo / Pareja / Conviviente",
    "NEIGHBOURHOOD": "MANABÍ",
    "CANTON": "SUCRE",
    "COMPLAINT": "Otro",
    "COUNT": 1
  },
  {
    "YEAR": 2021,
    "MONTH_NUMBER": 5,
    "INITIATED_BY": "Red Nacional de Casas de Acogida",
    "EDAD": 27,
    "ETNIA": "Mestiza",
    "ESTADO_CIVIL": "Soltera",
    "EMBARAZO": "No",
    "FECHA": "2021-05-04",
    "JUDICIALIZACION": "Sí",
    "STATUS": "Instrucción fiscal",
    "RELACION": "Exesposo / Expareja / Exconviviente",
    "NEIGHBOURHOOD": "GUAYAS",
    "CANTON": "PEDRO CARBO",
    "COMPLAINT": "Femicidio / feminicidio",
    "COUNT": 1
  },
  {
    "YEAR": 2021,
    "MONTH_NUMBER": 5,
    "INITIATED_BY": "Red Nacional de Casas de Acogida",
    "EDAD": 22,
    "ETNIA": "Otra",
    "ESTADO_CIVIL": "No se conoce",
    "EMBARAZO": "No",
    "FECHA": "2021-05-04",
    "JUDICIALIZACION": "Sí",
    "STATUS": "Indagación previa",
    "RELACION": "No se conoce",
    "NEIGHBOURHOOD": "ZAMORA CHINCHIPE",
    "CANTON": "EL PANGUI",
    "COMPLAINT": "Femicidio / feminicidio",
    "COUNT": 1
  },
  {
    "YEAR": 2021,
    "MONTH_NUMBER": 5,
    "INITIATED_BY": "Red Nacional de Casas de Acogida",
    "EDAD": 48,
    "ETNIA": "Mestiza",
    "ESTADO_CIVIL": "Unión Libre",
    "EMBARAZO": "No",
    "FECHA": "2021-05-02",
    "JUDICIALIZACION": "Sí",
    "STATUS": "Indagación previa",
    "RELACION": "Esposo / Pareja / Conviviente",
    "NEIGHBOURHOOD": "GUAYAS",
    "CANTON": "NARANJITO",
    "COMPLAINT": "Femicidio / feminicidio",
    "COUNT": 1
  },
  {
    "YEAR": 2021,
    "MONTH_NUMBER": 5,
    "INITIATED_BY": "Red Nacional de Casas de Acogida",
    "EDAD": 0,
    "ETNIA": "Mestiza",
    "ESTADO_CIVIL": "No se conoce",
    "EMBARAZO": "No",
    "FECHA": "2021-04-29",
    "JUDICIALIZACION": "No se conoce",
    "STATUS": "nd",
    "RELACION": "No se conoce",
    "NEIGHBOURHOOD": "GUAYAS",
    "CANTON": "GUAYAQUIL",
    "COMPLAINT": "Femicidio / feminicidio",
    "COUNT": 1
  },
  {
    "YEAR": 2021,
    "MONTH_NUMBER": 5,
    "INITIATED_BY": "Red Nacional de Casas de Acogida",
    "EDAD": 30,
    "ETNIA": "Mestiza",
    "ESTADO_CIVIL": "No se conoce",
    "EMBARAZO": "No",
    "FECHA": "2021-04-29",
    "JUDICIALIZACION": "Sí",
    "STATUS": "Indagación previa",
    "RELACION": "No se conoce",
    "NEIGHBOURHOOD": "GUAYAS",
    "CANTON": "GUAYAQUIL",
    "COMPLAINT": "Femicidio / feminicidio",
    "COUNT": 1
  },
  {
    "YEAR": 2021,
    "MONTH_NUMBER": 5,
    "INITIATED_BY": "Red Nacional de Casas de Acogida",
    "EDAD": 22,
    "ETNIA": "Mestiza",
    "ESTADO_CIVIL": "No se conoce",
    "EMBARAZO": "No se conoce",
    "FECHA": "2021-04-26",
    "JUDICIALIZACION": "Sí",
    "STATUS": "Indagación previa",
    "RELACION": "Esposo / Pareja / Conviviente",
    "NEIGHBOURHOOD": "EL ORO",
    "CANTON": "HUAQUILLAS",
    "COMPLAINT": "Femicidio / feminicidio",
    "COUNT": 1
  },
  {
    "YEAR": 2021,
    "MONTH_NUMBER": 5,
    "INITIATED_BY": "Red Nacional de Casas de Acogida",
    "EDAD": 22,
    "ETNIA": "Mestiza",
    "ESTADO_CIVIL": "Unión Libre",
    "EMBARAZO": "No se conoce",
    "FECHA": "2021-04-23",
    "JUDICIALIZACION": "Sí",
    "STATUS": "Indagación previa",
    "RELACION": "Esposo / Pareja / Conviviente",
    "NEIGHBOURHOOD": "GUAYAS",
    "CANTON": "ALFREDO BAQUERIZO MORENO",
    "COMPLAINT": "Femicidio / feminicidio",
    "COUNT": 1
  },
  {
    "YEAR": 2021,
    "MONTH_NUMBER": 6,
    "INITIATED_BY": "Red Nacional de Casas de Acogida",
    "EDAD": 0,
    "ETNIA": "Mestiza",
    "ESTADO_CIVIL": "Soltera",
    "EMBARAZO": "No se conoce",
    "FECHA": "2021-04-22",
    "JUDICIALIZACION": "Sí",
    "STATUS": "Indagación previa",
    "RELACION": "No se conoce",
    "NEIGHBOURHOOD": "PICHINCHA",
    "CANTON": "DISTRITO METROPOLITANO DE QUITO",
    "COMPLAINT": "Femicidio / feminicidio",
    "COUNT": 1
  },
  {
    "YEAR": 2021,
    "MONTH_NUMBER": 4,
    "INITIATED_BY": "Red Nacional de Casas de Acogida",
    "EDAD": 0,
    "ETNIA": "Mestiza",
    "ESTADO_CIVIL": "Unión Libre",
    "EMBARAZO": "No",
    "FECHA": "2021-04-21",
    "JUDICIALIZACION": "Sí",
    "STATUS": "Instrucción fiscal",
    "RELACION": "Esposo / Pareja / Conviviente",
    "NEIGHBOURHOOD": "GUAYAS",
    "CANTON": "SAMBORONDÓN",
    "COMPLAINT": "Femicidio / feminicidio",
    "COUNT": 1
  },
  {
    "YEAR": 2021,
    "MONTH_NUMBER": 6,
    "INITIATED_BY": "Red Nacional de Casas de Acogida",
    "EDAD": 37,
    "ETNIA": "Mestiza",
    "ESTADO_CIVIL": "No se conoce",
    "EMBARAZO": "No",
    "FECHA": "2021-04-19",
    "JUDICIALIZACION": "No se conoce",
    "STATUS": "nd",
    "RELACION": "Ninguna",
    "NEIGHBOURHOOD": "GUAYAS",
    "CANTON": "GUAYAQUIL",
    "COMPLAINT": "Otro",
    "COUNT": 1
  },
  {
    "YEAR": 2021,
    "MONTH_NUMBER": 6,
    "INITIATED_BY": "Red Nacional de Casas de Acogida",
    "EDAD": 20,
    "ETNIA": "Mestiza",
    "ESTADO_CIVIL": "Soltera",
    "EMBARAZO": "No",
    "FECHA": "2021-04-19",
    "JUDICIALIZACION": "No se conoce",
    "STATUS": "nd",
    "RELACION": "Ninguna",
    "NEIGHBOURHOOD": "GUAYAS",
    "CANTON": "GUAYAQUIL",
    "COMPLAINT": "Otro",
    "COUNT": 1
  },
  {
    "YEAR": 2021,
    "MONTH_NUMBER": 5,
    "INITIATED_BY": "Red Nacional de Casas de Acogida",
    "EDAD": 33,
    "ETNIA": "No se conoce",
    "ESTADO_CIVIL": "No se conoce",
    "EMBARAZO": "No se conoce",
    "FECHA": "2021-04-18",
    "JUDICIALIZACION": "Sí",
    "STATUS": "Indagación previa",
    "RELACION": "Ninguna",
    "NEIGHBOURHOOD": "ESMERALDAS",
    "CANTON": "ESMERALDAS",
    "COMPLAINT": "Otro",
    "COUNT": 1
  },
  {
    "YEAR": 2021,
    "MONTH_NUMBER": 5,
    "INITIATED_BY": "Red Nacional de Casas de Acogida",
    "EDAD": 25,
    "ETNIA": "Mestiza",
    "ESTADO_CIVIL": "No se conoce",
    "EMBARAZO": "No",
    "FECHA": "2021-04-17",
    "JUDICIALIZACION": "Sí",
    "STATUS": "Indagación previa",
    "RELACION": "Ninguna",
    "NEIGHBOURHOOD": "LOS RÍOS",
    "CANTON": "BABAHOYO",
    "COMPLAINT": "Otro",
    "COUNT": 1
  },
  {
    "YEAR": 2021,
    "MONTH_NUMBER": 4,
    "INITIATED_BY": "Red Nacional de Casas de Acogida",
    "EDAD": 19,
    "ETNIA": "Mestiza",
    "ESTADO_CIVIL": "No se conoce",
    "EMBARAZO": "No se conoce",
    "FECHA": "2021-04-17",
    "JUDICIALIZACION": "Sí",
    "STATUS": "Indagación previa",
    "RELACION": "No se conoce",
    "NEIGHBOURHOOD": "PASTAZA",
    "CANTON": "PASTAZA",
    "COMPLAINT": "Femicidio / feminicidio",
    "COUNT": 1
  },
  {
    "YEAR": 2021,
    "MONTH_NUMBER": 5,
    "INITIATED_BY": "Red Nacional de Casas de Acogida",
    "EDAD": 26,
    "ETNIA": "Mestiza",
    "ESTADO_CIVIL": "Soltera",
    "EMBARAZO": "No",
    "FECHA": "2021-04-17",
    "JUDICIALIZACION": "Sí",
    "STATUS": "Indagación previa",
    "RELACION": "Exesposo / Expareja / Exconviviente",
    "NEIGHBOURHOOD": "AZUAY",
    "CANTON": "CUENCA",
    "COMPLAINT": "Femicidio / feminicidio",
    "COUNT": 1
  },
  {
    "YEAR": 2021,
    "MONTH_NUMBER": 4,
    "INITIATED_BY": "Red Nacional de Casas de Acogida",
    "EDAD": 73,
    "ETNIA": "Mestiza",
    "ESTADO_CIVIL": "Casada",
    "EMBARAZO": "No",
    "FECHA": "2021-04-16",
    "JUDICIALIZACION": "Sí",
    "STATUS": "Indagación previa",
    "RELACION": "No se conoce",
    "NEIGHBOURHOOD": "PICHINCHA",
    "CANTON": "SAN MIGUEL DE LOS BANCOS",
    "COMPLAINT": "Femicidio / feminicidio",
    "COUNT": 1
  },
  {
    "YEAR": 2021,
    "MONTH_NUMBER": 5,
    "INITIATED_BY": "Red Nacional de Casas de Acogida",
    "EDAD": 29,
    "ETNIA": "Mestiza",
    "ESTADO_CIVIL": "Unión Libre",
    "EMBARAZO": "No",
    "FECHA": "2021-04-16",
    "JUDICIALIZACION": "Sí",
    "STATUS": "Instrucción fiscal",
    "RELACION": "Esposo / Pareja / Conviviente",
    "NEIGHBOURHOOD": "PICHINCHA",
    "CANTON": "DISTRITO METROPOLITANO DE QUITO",
    "COMPLAINT": "Femicidio / feminicidio",
    "COUNT": 1
  },
  {
    "YEAR": 2021,
    "MONTH_NUMBER": 5,
    "INITIATED_BY": "Red Nacional de Casas de Acogida",
    "EDAD": 32,
    "ETNIA": "Mestiza",
    "ESTADO_CIVIL": "Unión Libre",
    "EMBARAZO": "Sí",
    "FECHA": "2021-04-12",
    "JUDICIALIZACION": "Sí",
    "STATUS": "Indagación previa",
    "RELACION": "Esposo / Pareja / Conviviente",
    "NEIGHBOURHOOD": "CHIMBORAZO",
    "CANTON": "GUANO",
    "COMPLAINT": "Femicidio / feminicidio",
    "COUNT": 1
  },
  {
    "YEAR": 2021,
    "MONTH_NUMBER": 4,
    "INITIATED_BY": "Red Nacional de Casas de Acogida",
    "EDAD": 24,
    "ETNIA": "Mestiza",
    "ESTADO_CIVIL": "No se conoce",
    "EMBARAZO": "No",
    "FECHA": "2021-04-10",
    "JUDICIALIZACION": "Sí",
    "STATUS": "Indagación previa",
    "RELACION": "No se conoce",
    "NEIGHBOURHOOD": "PICHINCHA",
    "CANTON": "DISTRITO METROPOLITANO DE QUITO",
    "COMPLAINT": "Femicidio / feminicidio",
    "COUNT": 1
  },
  {
    "YEAR": 2021,
    "MONTH_NUMBER": 5,
    "INITIATED_BY": "Red Nacional de Casas de Acogida",
    "EDAD": 39,
    "ETNIA": "Mestiza",
    "ESTADO_CIVIL": "Soltera",
    "EMBARAZO": "No",
    "FECHA": "2021-04-09",
    "JUDICIALIZACION": "No se conoce",
    "STATUS": "nd",
    "RELACION": "Esposo / Pareja / Conviviente",
    "NEIGHBOURHOOD": "GUAYAS",
    "CANTON": "GUAYAQUIL",
    "COMPLAINT": "Femicidio / feminicidio",
    "COUNT": 1
  },
  {
    "YEAR": 2021,
    "MONTH_NUMBER": 4,
    "INITIATED_BY": "Red Nacional de Casas de Acogida",
    "EDAD": 36,
    "ETNIA": "No se conoce",
    "ESTADO_CIVIL": "No se conoce",
    "EMBARAZO": "No",
    "FECHA": "2021-04-08",
    "JUDICIALIZACION": "Sí",
    "STATUS": "Indagación previa",
    "RELACION": "No se conoce",
    "NEIGHBOURHOOD": "GUAYAS",
    "CANTON": "GUAYAQUIL",
    "COMPLAINT": "Otro",
    "COUNT": 1
  },
  {
    "YEAR": 2021,
    "MONTH_NUMBER": 4,
    "INITIATED_BY": "Red Nacional de Casas de Acogida",
    "EDAD": 46,
    "ETNIA": "Mestiza",
    "ESTADO_CIVIL": "Soltera",
    "EMBARAZO": "No",
    "FECHA": "2021-04-08",
    "JUDICIALIZACION": "Sí",
    "STATUS": "Indagación previa",
    "RELACION": "Novio / Enamorado / Pretendiente",
    "NEIGHBOURHOOD": "SANTO DOMINGO DE LOS TSÁCHILAS",
    "CANTON": "SANTO DOMINGO",
    "COMPLAINT": "Femicidio / feminicidio",
    "COUNT": 1
  },
  {
    "YEAR": 2021,
    "MONTH_NUMBER": 4,
    "INITIATED_BY": "Red Nacional de Casas de Acogida",
    "EDAD": 64,
    "ETNIA": "Indígena",
    "ESTADO_CIVIL": "Casada",
    "EMBARAZO": "No",
    "FECHA": "2021-04-07",
    "JUDICIALIZACION": "Sí",
    "STATUS": "Indagación previa",
    "RELACION": "Esposo / Pareja / Conviviente",
    "NEIGHBOURHOOD": "TUNGURAHUA",
    "CANTON": "SAN PEDRO DE PELILEO",
    "COMPLAINT": "Femicidio / feminicidio",
    "COUNT": 1
  },
  {
    "YEAR": 2021,
    "MONTH_NUMBER": 4,
    "INITIATED_BY": "CEDHU",
    "EDAD": 27,
    "ETNIA": "Mestiza",
    "ESTADO_CIVIL": "No se conoce",
    "EMBARAZO": "No",
    "FECHA": "2021-04-05",
    "JUDICIALIZACION": "Sí",
    "STATUS": "Indagación previa",
    "RELACION": "No se conoce",
    "NEIGHBOURHOOD": "GUAYAS",
    "CANTON": "GUAYAQUIL",
    "COMPLAINT": "Femicidio / feminicidio",
    "COUNT": 1
  },
  {
    "YEAR": 2021,
    "MONTH_NUMBER": 4,
    "INITIATED_BY": "CEDHU",
    "EDAD": 33,
    "ETNIA": "Mestiza",
    "ESTADO_CIVIL": "Unión Libre",
    "EMBARAZO": "No",
    "FECHA": "2021-04-04",
    "JUDICIALIZACION": "Sí",
    "STATUS": "Indagación previa",
    "RELACION": "Esposo / Pareja / Conviviente",
    "NEIGHBOURHOOD": "GUAYAS",
    "CANTON": "DAULE",
    "COMPLAINT": "Femicidio / feminicidio",
    "COUNT": 1
  },
  {
    "YEAR": 2021,
    "MONTH_NUMBER": 4,
    "INITIATED_BY": "Red Nacional de Casas de Acogida",
    "EDAD": 24,
    "ETNIA": "Mestiza",
    "ESTADO_CIVIL": "Unión Libre",
    "EMBARAZO": "No",
    "FECHA": "2021-04-01",
    "JUDICIALIZACION": "Sí",
    "STATUS": "Indagación previa",
    "RELACION": "Exesposo / Expareja / Exconviviente",
    "NEIGHBOURHOOD": "MANABÍ",
    "CANTON": "CHONE",
    "COMPLAINT": "Femicidio / feminicidio",
    "COUNT": 1
  },
  {
    "YEAR": 2021,
    "MONTH_NUMBER": 4,
    "INITIATED_BY": "Red Nacional de Casas de Acogida",
    "EDAD": 26,
    "ETNIA": "Mestiza",
    "ESTADO_CIVIL": "No se conoce",
    "EMBARAZO": "No",
    "FECHA": "2021-04-01",
    "JUDICIALIZACION": "Sí",
    "STATUS": "Indagación previa",
    "RELACION": "No se conoce",
    "NEIGHBOURHOOD": "COTOPAXI",
    "CANTON": "LATACUNGA",
    "COMPLAINT": "Otro",
    "COUNT": 1
  },
  {
    "YEAR": 2021,
    "MONTH_NUMBER": 4,
    "INITIATED_BY": "Red Nacional de Casas de Acogida",
    "EDAD": 55,
    "ETNIA": "Mestiza",
    "ESTADO_CIVIL": "Casada",
    "EMBARAZO": "No",
    "FECHA": "2021-03-31",
    "JUDICIALIZACION": "Sí",
    "STATUS": "Indagación previa",
    "RELACION": "Ninguna",
    "NEIGHBOURHOOD": "GUAYAS",
    "CANTON": "GUAYAQUIL",
    "COMPLAINT": "Otro",
    "COUNT": 1
  },
  {
    "YEAR": 2021,
    "MONTH_NUMBER": 4,
    "INITIATED_BY": "Red Nacional de Casas de Acogida",
    "EDAD": 24,
    "ETNIA": "No se conoce",
    "ESTADO_CIVIL": "Casada",
    "EMBARAZO": "No",
    "FECHA": "2021-03-27",
    "JUDICIALIZACION": "Sí",
    "STATUS": "Instrucción fiscal",
    "RELACION": "Esposo / Pareja / Conviviente",
    "NEIGHBOURHOOD": "CARCHI",
    "CANTON": "MIRA",
    "COMPLAINT": "Femicidio / feminicidio",
    "COUNT": 1
  },
  {
    "YEAR": 2021,
    "MONTH_NUMBER": 4,
    "INITIATED_BY": "Red Nacional de Casas de Acogida",
    "EDAD": 22,
    "ETNIA": "Mestiza",
    "ESTADO_CIVIL": "Soltera",
    "EMBARAZO": "No",
    "FECHA": "2021-03-27",
    "JUDICIALIZACION": "Sí",
    "STATUS": "Indagación previa",
    "RELACION": "Amigos / Conocidos",
    "NEIGHBOURHOOD": "GUAYAS",
    "CANTON": "BALAO",
    "COMPLAINT": "Femicidio / feminicidio",
    "COUNT": 1
  },
  {
    "YEAR": 2021,
    "MONTH_NUMBER": 4,
    "INITIATED_BY": "Red Nacional de Casas de Acogida",
    "EDAD": 24,
    "ETNIA": "Indígena",
    "ESTADO_CIVIL": "Divorciada",
    "EMBARAZO": "No",
    "FECHA": "2021-03-24",
    "JUDICIALIZACION": "Sí",
    "STATUS": "Instrucción fiscal",
    "RELACION": "Exesposo / Expareja / Exconviviente",
    "NEIGHBOURHOOD": "PICHINCHA",
    "CANTON": "DISTRITO METROPOLITANO DE QUITO",
    "COMPLAINT": "Femicidio / feminicidio",
    "COUNT": 1
  },
  {
    "YEAR": 2021,
    "MONTH_NUMBER": 6,
    "INITIATED_BY": "Red Nacional de Casas de Acogida",
    "EDAD": 33,
    "ETNIA": "Mestiza",
    "ESTADO_CIVIL": "No se conoce",
    "EMBARAZO": "No",
    "FECHA": "2021-03-23",
    "JUDICIALIZACION": "No se conoce",
    "STATUS": "nd",
    "RELACION": "No se conoce",
    "NEIGHBOURHOOD": "GUAYAS",
    "CANTON": "GUAYAQUIL",
    "COMPLAINT": "Otro",
    "COUNT": 1
  },
  {
    "YEAR": 2021,
    "MONTH_NUMBER": 5,
    "INITIATED_BY": "Red Nacional de Casas de Acogida",
    "EDAD": 24,
    "ETNIA": "Mestiza",
    "ESTADO_CIVIL": "No se conoce",
    "EMBARAZO": "No",
    "FECHA": "2021-03-21",
    "JUDICIALIZACION": "Sí",
    "STATUS": "Indagación previa",
    "RELACION": "No se conoce",
    "NEIGHBOURHOOD": "GUAYAS",
    "CANTON": "CORONEL MARCELINO MARIDUEÑA",
    "COMPLAINT": "Femicidio / feminicidio",
    "COUNT": 1
  },
  {
    "YEAR": 2021,
    "MONTH_NUMBER": 4,
    "INITIATED_BY": "Red Nacional de Casas de Acogida",
    "EDAD": 62,
    "ETNIA": "Indígena",
    "ESTADO_CIVIL": "Unión Libre",
    "EMBARAZO": "No",
    "FECHA": "2021-03-21",
    "JUDICIALIZACION": "Sí",
    "STATUS": "Instrucción fiscal",
    "RELACION": "Esposo / Pareja / Conviviente",
    "NEIGHBOURHOOD": "COTOPAXI",
    "CANTON": "PUJILÍ",
    "COMPLAINT": "Femicidio / feminicidio",
    "COUNT": 1
  },
  {
    "YEAR": 2021,
    "MONTH_NUMBER": 8,
    "INITIATED_BY": "Red Nacional de Casas de Acogida",
    "EDAD": 18,
    "ETNIA": "Mestiza",
    "ESTADO_CIVIL": "Soltera",
    "EMBARAZO": "No",
    "FECHA": "2021-03-20",
    "JUDICIALIZACION": "Sí",
    "STATUS": "Indagación previa",
    "RELACION": "Amigos / Conocidos",
    "NEIGHBOURHOOD": "PICHINCHA",
    "CANTON": "DISTRITO METROPOLITANO DE QUITO",
    "COMPLAINT": "Femicidio / feminicidio",
    "COUNT": 1
  },
  {
    "YEAR": 2021,
    "MONTH_NUMBER": 6,
    "INITIATED_BY": "Red Nacional de Casas de Acogida",
    "EDAD": 63,
    "ETNIA": "Mestiza",
    "ESTADO_CIVIL": "No se conoce",
    "EMBARAZO": "No",
    "FECHA": "2021-03-18",
    "JUDICIALIZACION": "No se conoce",
    "STATUS": "nd",
    "RELACION": "No se conoce",
    "NEIGHBOURHOOD": "SUCUMBIOS",
    "CANTON": "LAGO AGRIO",
    "COMPLAINT": "Otro",
    "COUNT": 1
  },
  {
    "YEAR": 2021,
    "MONTH_NUMBER": 4,
    "INITIATED_BY": "Red Nacional de Casas de Acogida",
    "EDAD": 55,
    "ETNIA": "Mestiza",
    "ESTADO_CIVIL": "No se conoce",
    "EMBARAZO": "No",
    "FECHA": "2021-03-09",
    "JUDICIALIZACION": "Sí",
    "STATUS": "Indagación previa",
    "RELACION": "Ninguna",
    "NEIGHBOURHOOD": "CAÑAR",
    "CANTON": "LA TRONCAL",
    "COMPLAINT": "Otro",
    "COUNT": 1
  },
  {
    "YEAR": 2021,
    "MONTH_NUMBER": 6,
    "INITIATED_BY": "Red Nacional de Casas de Acogida",
    "EDAD": 31,
    "ETNIA": "Mestiza",
    "ESTADO_CIVIL": "Unión Libre",
    "EMBARAZO": "No",
    "FECHA": "2021-03-09",
    "JUDICIALIZACION": "Sí",
    "STATUS": "Instrucción fiscal",
    "RELACION": "Exesposo / Expareja / Exconviviente",
    "NEIGHBOURHOOD": "PICHINCHA",
    "CANTON": "DISTRITO METROPOLITANO DE QUITO",
    "COMPLAINT": "Femicidio / feminicidio",
    "COUNT": 1
  },
  {
    "YEAR": 2021,
    "MONTH_NUMBER": 4,
    "INITIATED_BY": "Red Nacional de Casas de Acogida",
    "EDAD": 35,
    "ETNIA": "Mestiza",
    "ESTADO_CIVIL": "Unión Libre",
    "EMBARAZO": "No",
    "FECHA": "2021-03-09",
    "JUDICIALIZACION": "Sí",
    "STATUS": "Indagación previa",
    "RELACION": "Ninguna",
    "NEIGHBOURHOOD": "CAÑAR",
    "CANTON": "LA TRONCAL",
    "COMPLAINT": "Otro",
    "COUNT": 1
  },
  {
    "YEAR": 2021,
    "MONTH_NUMBER": 3,
    "INITIATED_BY": "Red Nacional de Casas de Acogida",
    "EDAD": 26,
    "ETNIA": "Afro",
    "ESTADO_CIVIL": "Unión Libre",
    "EMBARAZO": "No",
    "FECHA": "2021-03-09",
    "JUDICIALIZACION": "No",
    "STATUS": "nd",
    "RELACION": "Esposo / Pareja / Conviviente",
    "NEIGHBOURHOOD": "PICHINCHA",
    "CANTON": "DISTRITO METROPOLITANO DE QUITO",
    "COMPLAINT": "Femicidio / feminicidio",
    "COUNT": 1
  },
  {
    "YEAR": 2021,
    "MONTH_NUMBER": 5,
    "INITIATED_BY": "Red Nacional de Casas de Acogida",
    "EDAD": 45,
    "ETNIA": "Mestiza",
    "ESTADO_CIVIL": "Casada",
    "EMBARAZO": "No",
    "FECHA": "2021-03-08",
    "JUDICIALIZACION": "Sí",
    "STATUS": "Indagación previa",
    "RELACION": "No se conoce",
    "NEIGHBOURHOOD": "GUAYAS",
    "CANTON": "GUAYAQUIL",
    "COMPLAINT": "Otro",
    "COUNT": 1
  },
  {
    "YEAR": 2021,
    "MONTH_NUMBER": 5,
    "INITIATED_BY": "Red Nacional de Casas de Acogida",
    "EDAD": 27,
    "ETNIA": "Mestiza",
    "ESTADO_CIVIL": "Unión Libre",
    "EMBARAZO": "No",
    "FECHA": "2021-03-08",
    "JUDICIALIZACION": "Sí",
    "STATUS": "Indagación previa",
    "RELACION": "No se conoce",
    "NEIGHBOURHOOD": "GUAYAS",
    "CANTON": "GUAYAQUIL",
    "COMPLAINT": "Otro",
    "COUNT": 1
  },
  {
    "YEAR": 2021,
    "MONTH_NUMBER": 4,
    "INITIATED_BY": "Red Nacional de Casas de Acogida",
    "EDAD": 2,
    "ETNIA": "Mestiza",
    "ESTADO_CIVIL": "Soltera",
    "EMBARAZO": "No aplica",
    "FECHA": "2021-03-08",
    "JUDICIALIZACION": "Sí",
    "STATUS": "Indagación previa",
    "RELACION": "Ninguna",
    "NEIGHBOURHOOD": "GUAYAS",
    "CANTON": "GUAYAQUIL",
    "COMPLAINT": "Otro",
    "COUNT": 1
  },
  {
    "YEAR": 2021,
    "MONTH_NUMBER": 3,
    "INITIATED_BY": "Red Nacional de Casas de Acogida",
    "EDAD": 32,
    "ETNIA": "Mestiza",
    "ESTADO_CIVIL": "Soltera",
    "EMBARAZO": "No",
    "FECHA": "2021-03-06",
    "JUDICIALIZACION": "Sí",
    "STATUS": "Indagación previa",
    "RELACION": "Familiar",
    "NEIGHBOURHOOD": "MANABÍ",
    "CANTON": "OLMEDO",
    "COMPLAINT": "Femicidio / feminicidio",
    "COUNT": 1
  },
  {
    "YEAR": 2021,
    "MONTH_NUMBER": 3,
    "INITIATED_BY": "Red Nacional de Casas de Acogida",
    "EDAD": 43,
    "ETNIA": "Mestiza",
    "ESTADO_CIVIL": "Unión Libre",
    "EMBARAZO": "No",
    "FECHA": "2021-03-03",
    "JUDICIALIZACION": "Sí",
    "STATUS": "Indagación previa",
    "RELACION": "Amigos / Conocidos",
    "NEIGHBOURHOOD": "GUAYAS",
    "CANTON": "EL EMPALME",
    "COMPLAINT": "Femicidio / feminicidio",
    "COUNT": 1
  },
  {
    "YEAR": 2021,
    "MONTH_NUMBER": 4,
    "INITIATED_BY": "Red Nacional de Casas de Acogida",
    "EDAD": 30,
    "ETNIA": "Afro",
    "ESTADO_CIVIL": "Soltera",
    "EMBARAZO": "No",
    "FECHA": "2021-03-02",
    "JUDICIALIZACION": "Sí",
    "STATUS": "Indagación previa",
    "RELACION": "No se conoce",
    "NEIGHBOURHOOD": "LOS RÍOS",
    "CANTON": "BABAHOYO",
    "COMPLAINT": "Otro",
    "COUNT": 1
  },
  {
    "YEAR": 2021,
    "MONTH_NUMBER": 3,
    "INITIATED_BY": "Red Nacional de Casas de Acogida",
    "EDAD": 56,
    "ETNIA": "Mestiza",
    "ESTADO_CIVIL": "Unión Libre",
    "EMBARAZO": "No",
    "FECHA": "2021-03-01",
    "JUDICIALIZACION": "Sí",
    "STATUS": "Indagación previa",
    "RELACION": "Esposo / Pareja / Conviviente",
    "NEIGHBOURHOOD": "GUAYAS",
    "CANTON": "GUAYAQUIL",
    "COMPLAINT": "Femicidio / feminicidio",
    "COUNT": 1
  },
  {
    "YEAR": 2021,
    "MONTH_NUMBER": 3,
    "INITIATED_BY": "Red Nacional de Casas de Acogida",
    "EDAD": 20,
    "ETNIA": "Mestiza",
    "ESTADO_CIVIL": "Unión Libre",
    "EMBARAZO": "No",
    "FECHA": "2021-02-28",
    "JUDICIALIZACION": "Sí",
    "STATUS": "Instrucción fiscal",
    "RELACION": "Esposo / Pareja / Conviviente",
    "NEIGHBOURHOOD": "PICHINCHA",
    "CANTON": "DISTRITO METROPOLITANO DE QUITO",
    "COMPLAINT": "Femicidio / feminicidio",
    "COUNT": 1
  },
  {
    "YEAR": 2021,
    "MONTH_NUMBER": 3,
    "INITIATED_BY": "Red Nacional de Casas de Acogida",
    "EDAD": 30,
    "ETNIA": "Mestiza",
    "ESTADO_CIVIL": "Casada",
    "EMBARAZO": "No",
    "FECHA": "2021-02-25",
    "JUDICIALIZACION": "Sí",
    "STATUS": "Indagación previa",
    "RELACION": "Esposo / Pareja / Conviviente",
    "NEIGHBOURHOOD": "SANTO DOMINGO DE LOS TSÁCHILAS",
    "CANTON": "SANTO DOMINGO",
    "COMPLAINT": "Femicidio / feminicidio",
    "COUNT": 1
  },
  {
    "YEAR": 2021,
    "MONTH_NUMBER": 4,
    "INITIATED_BY": "Red Nacional de Casas de Acogida",
    "EDAD": 64,
    "ETNIA": "Mestiza",
    "ESTADO_CIVIL": "No se conoce",
    "EMBARAZO": "No",
    "FECHA": "2021-02-20",
    "JUDICIALIZACION": "Sí",
    "STATUS": "Instrucción fiscal",
    "RELACION": "Amigos / Conocidos",
    "NEIGHBOURHOOD": "AZUAY",
    "CANTON": "CUENCA",
    "COMPLAINT": "Femicidio / feminicidio",
    "COUNT": 1
  },
  {
    "YEAR": 2021,
    "MONTH_NUMBER": 7,
    "INITIATED_BY": "Red Nacional de Casas de Acogida",
    "EDAD": 44,
    "ETNIA": "Mestiza",
    "ESTADO_CIVIL": "No se conoce",
    "EMBARAZO": "No aplica",
    "FECHA": "2021-02-18",
    "JUDICIALIZACION": "Sí",
    "STATUS": "Indagación previa",
    "RELACION": "No se conoce",
    "NEIGHBOURHOOD": "MANABÍ",
    "CANTON": "MONTECRISTI",
    "COMPLAINT": "Transfeminicidio",
    "COUNT": 1
  },
  {
    "YEAR": 2021,
    "MONTH_NUMBER": 5,
    "INITIATED_BY": "Red Nacional de Casas de Acogida",
    "EDAD": 44,
    "ETNIA": "Mestiza",
    "ESTADO_CIVIL": "Soltera",
    "EMBARAZO": "No",
    "FECHA": "2021-02-18",
    "JUDICIALIZACION": "Sí",
    "STATUS": "Indagación previa",
    "RELACION": "Exesposo / Expareja / Exconviviente",
    "NEIGHBOURHOOD": "GUAYAS",
    "CANTON": "CORONEL MARCELINO MARIDUEÑA",
    "COMPLAINT": "Femicidio / feminicidio",
    "COUNT": 1
  },
  {
    "YEAR": 2021,
    "MONTH_NUMBER": 6,
    "INITIATED_BY": "Red Nacional de Casas de Acogida",
    "EDAD": 24,
    "ETNIA": "Mestiza",
    "ESTADO_CIVIL": "Casada",
    "EMBARAZO": "No",
    "FECHA": "2021-02-17",
    "JUDICIALIZACION": "No se conoce",
    "STATUS": "nd",
    "RELACION": "Ninguna",
    "NEIGHBOURHOOD": "MANABÍ",
    "CANTON": "CHONE",
    "COMPLAINT": "Otro",
    "COUNT": 1
  },
  {
    "YEAR": 2021,
    "MONTH_NUMBER": 4,
    "INITIATED_BY": "Red Nacional de Casas de Acogida",
    "EDAD": 26,
    "ETNIA": "Mestiza",
    "ESTADO_CIVIL": "Soltera",
    "EMBARAZO": "No",
    "FECHA": "2021-02-13",
    "JUDICIALIZACION": "Sí",
    "STATUS": "Indagación previa",
    "RELACION": "No se conoce",
    "NEIGHBOURHOOD": "CHIMBORAZO",
    "CANTON": "RIOBAMBA",
    "COMPLAINT": "Femicidio / feminicidio",
    "COUNT": 1
  },
  {
    "YEAR": 2021,
    "MONTH_NUMBER": 3,
    "INITIATED_BY": "Red Nacional de Casas de Acogida",
    "EDAD": 25,
    "ETNIA": "Mestiza",
    "ESTADO_CIVIL": "Divorciada",
    "EMBARAZO": "No",
    "FECHA": "2021-02-12",
    "JUDICIALIZACION": "Sí",
    "STATUS": "Indagación previa",
    "RELACION": "Exesposo / Expareja / Exconviviente",
    "NEIGHBOURHOOD": "SANTA ELENA",
    "CANTON": "LA LIBERTAD",
    "COMPLAINT": "Femicidio / feminicidio",
    "COUNT": 1
  },
  {
    "YEAR": 2021,
    "MONTH_NUMBER": 3,
    "INITIATED_BY": "Red Nacional de Casas de Acogida",
    "EDAD": 33,
    "ETNIA": "Mestiza",
    "ESTADO_CIVIL": "No se conoce",
    "EMBARAZO": "No",
    "FECHA": "2021-02-12",
    "JUDICIALIZACION": "Sí",
    "STATUS": "Indagación previa",
    "RELACION": "No se conoce",
    "NEIGHBOURHOOD": "CHIMBORAZO",
    "CANTON": "GUANO",
    "COMPLAINT": "Femicidio / feminicidio",
    "COUNT": 1
  },
  {
    "YEAR": 2021,
    "MONTH_NUMBER": 5,
    "INITIATED_BY": "Red Nacional de Casas de Acogida",
    "EDAD": 3,
    "ETNIA": "Mestiza",
    "ESTADO_CIVIL": "Soltera",
    "EMBARAZO": "No aplica",
    "FECHA": "2021-02-11",
    "JUDICIALIZACION": "Sí",
    "STATUS": "Indagación previa",
    "RELACION": "Familiar",
    "NEIGHBOURHOOD": "PICHINCHA",
    "CANTON": "DISTRITO METROPOLITANO DE QUITO",
    "COMPLAINT": "Muerte violenta por maltrato infantil",
    "COUNT": 1
  },
  {
    "YEAR": 2021,
    "MONTH_NUMBER": 5,
    "INITIATED_BY": "Red Nacional de Casas de Acogida",
    "EDAD": 20,
    "ETNIA": "Mestiza",
    "ESTADO_CIVIL": "No se conoce",
    "EMBARAZO": "No se conoce",
    "FECHA": "2021-02-09",
    "JUDICIALIZACION": "Sí",
    "STATUS": "Indagación previa",
    "RELACION": "No se conoce",
    "NEIGHBOURHOOD": "GUAYAS",
    "CANTON": "GUAYAQUIL",
    "COMPLAINT": "Femicidio / feminicidio",
    "COUNT": 1
  },
  {
    "YEAR": 2021,
    "MONTH_NUMBER": 2,
    "INITIATED_BY": "Red Nacional de Casas de Acogida",
    "EDAD": 23,
    "ETNIA": "Mestiza",
    "ESTADO_CIVIL": "Casada",
    "EMBARAZO": "No",
    "FECHA": "2021-02-08",
    "JUDICIALIZACION": "No",
    "STATUS": "nd",
    "RELACION": "Esposo / Pareja / Conviviente",
    "NEIGHBOURHOOD": "MANABÍ",
    "CANTON": "SUCRE",
    "COMPLAINT": "Femicidio / feminicidio",
    "COUNT": 1
  },
  {
    "YEAR": 2021,
    "MONTH_NUMBER": 2,
    "INITIATED_BY": "Red Nacional de Casas de Acogida",
    "EDAD": 22,
    "ETNIA": "Mestiza",
    "ESTADO_CIVIL": "Unión Libre",
    "EMBARAZO": "No",
    "FECHA": "2021-02-07",
    "JUDICIALIZACION": "Sí",
    "STATUS": "Instrucción fiscal",
    "RELACION": "Exesposo / Expareja / Exconviviente",
    "NEIGHBOURHOOD": "ZAMORA CHINCHIPE",
    "CANTON": "ZAMORA",
    "COMPLAINT": "Femicidio / feminicidio",
    "COUNT": 1
  },
  {
    "YEAR": 2021,
    "MONTH_NUMBER": 4,
    "INITIATED_BY": "Red Nacional de Casas de Acogida",
    "EDAD": 36,
    "ETNIA": "Mestiza",
    "ESTADO_CIVIL": "Unión Libre",
    "EMBARAZO": "No",
    "FECHA": "2021-02-04",
    "JUDICIALIZACION": "Sí",
    "STATUS": "Instrucción fiscal",
    "RELACION": "Esposo / Pareja / Conviviente",
    "NEIGHBOURHOOD": "GUAYAS",
    "CANTON": "DAULE",
    "COMPLAINT": "Femicidio / feminicidio",
    "COUNT": 1
  },
  {
    "YEAR": 2021,
    "MONTH_NUMBER": 5,
    "INITIATED_BY": "Red Nacional de Casas de Acogida",
    "EDAD": 0,
    "ETNIA": "Mestiza",
    "ESTADO_CIVIL": "Unión Libre",
    "EMBARAZO": "No",
    "FECHA": "2021-01-28",
    "JUDICIALIZACION": "No",
    "STATUS": "nd",
    "RELACION": "Esposo / Pareja / Conviviente",
    "NEIGHBOURHOOD": "AZUAY",
    "CANTON": "CUENCA",
    "COMPLAINT": "Femicidio / feminicidio",
    "COUNT": 1
  },
  {
    "YEAR": 2021,
    "MONTH_NUMBER": 4,
    "INITIATED_BY": "Red Nacional de Casas de Acogida",
    "EDAD": 58,
    "ETNIA": "Mestiza",
    "ESTADO_CIVIL": "Casada",
    "EMBARAZO": "No",
    "FECHA": "2021-01-28",
    "JUDICIALIZACION": "Sí",
    "STATUS": "Indagación previa",
    "RELACION": "No se conoce",
    "NEIGHBOURHOOD": "CHIMBORAZO",
    "CANTON": "RIOBAMBA",
    "COMPLAINT": "Femicidio / feminicidio",
    "COUNT": 1
  },
  {
    "YEAR": 2021,
    "MONTH_NUMBER": 5,
    "INITIATED_BY": "Red Nacional de Casas de Acogida",
    "EDAD": 17,
    "ETNIA": "Indígena",
    "ESTADO_CIVIL": "Soltera",
    "EMBARAZO": "No",
    "FECHA": "2021-01-25",
    "JUDICIALIZACION": "Sí",
    "STATUS": "Instrucción fiscal",
    "RELACION": "Padre / padrastro",
    "NEIGHBOURHOOD": "SUCUMBIOS",
    "CANTON": "SHUSHUFINDI",
    "COMPLAINT": "Femicidio / feminicidio",
    "COUNT": 1
  },
  {
    "YEAR": 2021,
    "MONTH_NUMBER": 3,
    "INITIATED_BY": "Red Nacional de Casas de Acogida",
    "EDAD": 44,
    "ETNIA": "Mestiza",
    "ESTADO_CIVIL": "Viuda",
    "EMBARAZO": "No",
    "FECHA": "2021-01-25",
    "JUDICIALIZACION": "Sí",
    "STATUS": "Indagación previa",
    "RELACION": "No se conoce",
    "NEIGHBOURHOOD": "MANABÍ",
    "CANTON": "PICHINCHA",
    "COMPLAINT": "Femicidio / feminicidio",
    "COUNT": 1
  },
  {
    "YEAR": 2021,
    "MONTH_NUMBER": 5,
    "INITIATED_BY": "CEDHU",
    "EDAD": 26,
    "ETNIA": "Mestiza",
    "ESTADO_CIVIL": "Unión Libre",
    "EMBARAZO": "No",
    "FECHA": "2021-01-24",
    "JUDICIALIZACION": "Sí",
    "STATUS": "Indagación previa",
    "RELACION": "Esposo / Pareja / Conviviente",
    "NEIGHBOURHOOD": "AZUAY",
    "CANTON": "CAMILO PONCE ENRÍQUEZ",
    "COMPLAINT": "Femicidio / feminicidio",
    "COUNT": 1
  },
  {
    "YEAR": 2021,
    "MONTH_NUMBER": 5,
    "INITIATED_BY": "Red Nacional de Casas de Acogida",
    "EDAD": 1,
    "ETNIA": "Mestiza",
    "ESTADO_CIVIL": "Soltera",
    "EMBARAZO": "No aplica",
    "FECHA": "2021-01-19",
    "JUDICIALIZACION": "Sí",
    "STATUS": "Instrucción fiscal",
    "RELACION": "No se conoce",
    "NEIGHBOURHOOD": "GUAYAS",
    "CANTON": "GUAYAQUIL",
    "COMPLAINT": "Otro",
    "COUNT": 1
  },
  {
    "YEAR": 2021,
    "MONTH_NUMBER": 1,
    "INITIATED_BY": "Red Nacional de Casas de Acogida",
    "EDAD": 35,
    "ETNIA": "Mestiza",
    "ESTADO_CIVIL": "Casada",
    "EMBARAZO": "No",
    "FECHA": "2021-01-19",
    "JUDICIALIZACION": "Sí",
    "STATUS": "Indagación previa",
    "RELACION": "Esposo / Pareja / Conviviente",
    "NEIGHBOURHOOD": "SUCUMBIOS",
    "CANTON": "SHUSHUFINDI",
    "COMPLAINT": "Femicidio / feminicidio",
    "COUNT": 1
  },
  {
    "YEAR": 2021,
    "MONTH_NUMBER": 5,
    "INITIATED_BY": "Red Nacional de Casas de Acogida",
    "EDAD": 32,
    "ETNIA": "Mestiza",
    "ESTADO_CIVIL": "No se conoce",
    "EMBARAZO": "No se conoce",
    "FECHA": "2021-01-17",
    "JUDICIALIZACION": "Sí",
    "STATUS": "Indagación previa",
    "RELACION": "No se conoce",
    "NEIGHBOURHOOD": "GUAYAS",
    "CANTON": "NARANJAL",
    "COMPLAINT": "Otro",
    "COUNT": 1
  },
  {
    "YEAR": 2021,
    "MONTH_NUMBER": 5,
    "INITIATED_BY": "Red Nacional de Casas de Acogida",
    "EDAD": 66,
    "ETNIA": "Mestiza",
    "ESTADO_CIVIL": "Casada",
    "EMBARAZO": "No",
    "FECHA": "2021-01-12",
    "JUDICIALIZACION": "Sí",
    "STATUS": "Indagación previa",
    "RELACION": "No se conoce",
    "NEIGHBOURHOOD": "LOS RÍOS",
    "CANTON": "BABAHOYO",
    "COMPLAINT": "Otro",
    "COUNT": 1
  },
  {
    "YEAR": 2021,
    "MONTH_NUMBER": 5,
    "INITIATED_BY": "Red Nacional de Casas de Acogida",
    "EDAD": 35,
    "ETNIA": "Mestiza",
    "ESTADO_CIVIL": "Viuda",
    "EMBARAZO": "No",
    "FECHA": "2021-01-09",
    "JUDICIALIZACION": "Sí",
    "STATUS": "Indagación previa",
    "RELACION": "No se conoce",
    "NEIGHBOURHOOD": "MANABÍ",
    "CANTON": "EL CARMEN",
    "COMPLAINT": "Otro",
    "COUNT": 1
  },
  {
    "YEAR": 2021,
    "MONTH_NUMBER": 4,
    "INITIATED_BY": "Red Nacional de Casas de Acogida",
    "EDAD": 36,
    "ETNIA": "Mestiza",
    "ESTADO_CIVIL": "Divorciada",
    "EMBARAZO": "No",
    "FECHA": "2021-01-06",
    "JUDICIALIZACION": "Sí",
    "STATUS": "Indagación previa",
    "RELACION": "No se conoce",
    "NEIGHBOURHOOD": "GUAYAS",
    "CANTON": "GUAYAQUIL",
    "COMPLAINT": "Femicidio / feminicidio",
    "COUNT": 1
  },
  {
    "YEAR": 2021,
    "MONTH_NUMBER": 4,
    "INITIATED_BY": "CEDHU",
    "EDAD": 39,
    "ETNIA": "Mestiza",
    "ESTADO_CIVIL": "Unión Libre",
    "EMBARAZO": "No",
    "FECHA": "2021-01-03",
    "JUDICIALIZACION": "Sí",
    "STATUS": "Instrucción fiscal",
    "RELACION": "Esposo / Pareja / Conviviente",
    "NEIGHBOURHOOD": "MANABÍ",
    "CANTON": "CHONE",
    "COMPLAINT": "Femicidio / feminicidio",
    "COUNT": 1
  },
  {
    "YEAR": 2021,
    "MONTH_NUMBER": 5,
    "INITIATED_BY": "Red Nacional de Casas de Acogida",
    "EDAD": 24,
    "ETNIA": "Mestiza",
    "ESTADO_CIVIL": "Soltera",
    "EMBARAZO": "No",
    "FECHA": "2021-01-01",
    "JUDICIALIZACION": "No",
    "STATUS": "",
    "RELACION": "No se conoce",
    "NEIGHBOURHOOD": "LOS RÍOS",
    "CANTON": "VENTANAS",
    "COMPLAINT": "Transfeminicidio",
    "COUNT": 1
  }
]}