"YEAR","MONTH_NUMBER","INITIATED_BY","EDAD","ETNIA","ESTADO_CIVIL","EMBARAZO","FECHA","JUDICIALIZACION","STATUS","RELACION","NEIGHBOURHOOD","CANTON","COMPLAINT","COUNT"
"2021","11","Red Nacional de Casas de Acogida","26","Mestiza","No se conoce","No","2021-11-08","Sí","Indagación previa","No se conoce","GUAYAS","GUAYAQUIL","Otro","1"
"2021","11","Red Nacional de Casas de Acogida","52","Mestiza","Casada","No","2021-11-07","Sí","Indagación previa","Esposo / Pareja / Conviviente","GUAYAS","GUAYAQUIL","Femicidio / feminicidio","1"
"2021","11","Red Nacional de Casas de Acogida","57","Mestiza","No se conoce","No","2021-11-06","Sí","Indagación previa","Ninguna","LOS RÍOS","QUEVEDO","Otro","1"
"2021","11","Red Nacional de Casas de Acogida","34","Mestiza","No se conoce","No","2021-11-06","Sí","Indagación previa","Ninguna","LOS RÍOS","QUEVEDO","Otro","1"
"2021","11","Red Nacional de Casas de Acogida","14","Mestiza","Soltera","No","2021-11-05","Sí","Indagación previa","Novio / Enamorado / Pretendiente","LOS RÍOS","MOCACHE","Femicidio / feminicidio","1"
"2021","11","Red Nacional de Casas de Acogida","40","Mestiza","Casada","No","2021-10-21","Sí","Indagación previa","Ninguna","MANABÍ","PORTOVIEJO","Otro","1"
"2021","11","Red Nacional de Casas de Acogida","30","Mestiza","Soltera","No","2021-10-18","Sí","Indagación previa","Ninguna","GUAYAS","GUAYAQUIL","Otro","1"
"2021","11","Red Nacional de Casas de Acogida","35","Mestiza","Soltera","No","2021-10-17","Sí","Instrucción fiscal","Exesposo / Expareja / Exconviviente","PASTAZA","PASTAZA","Femicidio / feminicidio","1"
"2021","11","Red Nacional de Casas de Acogida","0","Mestiza","Viuda","No","2021-10-17","Sí","Indagación previa","Ninguna","GUAYAS","GUAYAQUIL","Otro","1"
"2021","11","Red Nacional de Casas de Acogida","22","Mestiza","Unión Libre","No","2021-10-15","Sí","Indagación previa","Esposo / Pareja / Conviviente","MANABÍ","PICHINCHA","Femicidio / feminicidio","1"
"2021","11","Red Nacional de Casas de Acogida","34","Mestiza","Soltera","No","2021-10-14","Sí","Instrucción fiscal","Otra","GUAYAS","GUAYAQUIL","Femicidio / feminicidio","1"
"2021","11","Red Nacional de Casas de Acogida","31","Mestiza","Unión Libre","No","2021-10-14","Sí","Indagación previa","Esposo / Pareja / Conviviente","EL ORO","PASAJE","Femicidio / feminicidio","1"
"2021","11","Red Nacional de Casas de Acogida","30","Mestiza","No se conoce","No","2021-10-14","Sí","Indagación previa","Ninguna","GUAYAS","DURÁN","Otro","1"
"2021","11","Red Nacional de Casas de Acogida","30","Mestiza","Casada","No","2021-10-09","Sí","Indagación previa","Ninguna","GUAYAS","GUAYAQUIL","Otro","1"
"2021","11","Red Nacional de Casas de Acogida","43","Mestiza","Casada","No","2021-10-02","Sí","Indagación previa","No se conoce","LOS RÍOS","QUEVEDO","Otro","1"
"2021","11","Red Nacional de Casas de Acogida","34","Mestiza","Unión Libre","No","2021-10-01","Sí","Indagación previa","Esposo / Pareja / Conviviente","GUAYAS","GUAYAQUIL","Transfeminicidio","1"
"2021","11","Red Nacional de Casas de Acogida","20","Indígena","No se conoce","No","2021-10-01","Sí","Instrucción fiscal","Exesposo / Expareja / Exconviviente","PICHINCHA","PEDRO MONCAYO","Femicidio / feminicidio","1"
"2021","9","Red Nacional de Casas de Acogida","24","Mestiza","No se conoce","No","2021-09-25","Sí","Indagación previa","No se conoce","GUAYAS","BALZAR","Femicidio / feminicidio","1"
"2021","11","Red Nacional de Casas de Acogida","26","Mestiza","Soltera","No","2021-09-25","Sí","Indagación previa","No se conoce","GUAYAS","GUAYAQUIL","Femicidio / feminicidio","1"
"2021","11","Red Nacional de Casas de Acogida","28","Mestiza","No se conoce","No","2021-09-21","Sí","Indagación previa","Ninguna","GUAYAS","SAN JACINTO DE YAGUACHI","Femicidio / feminicidio","1"
"2021","9","Red Nacional de Casas de Acogida","26","Mestiza","Casada","No","2021-09-19","Sí","Indagación previa","Esposo / Pareja / Conviviente","EL ORO","EL GUABO","Femicidio / feminicidio","1"
"2021","11","Red Nacional de Casas de Acogida","21","Mestiza","Casada","No","2021-09-19","Sí","Indagación previa","Ninguna","GUAYAS","DURÁN","Otro","1"
"2021","9","Red Nacional de Casas de Acogida","38","Mestiza","Casada","No","2021-09-18","Sí","Indagación previa","Esposo / Pareja / Conviviente","EL ORO","PASAJE","Femicidio / feminicidio","1"
"2021","11","Red Nacional de Casas de Acogida","75","Mestiza","Casada","No","2021-09-18","Sí","Indagación previa","Ninguna","GUAYAS","GUAYAQUIL","Otro","1"
"2021","9","Red Nacional de Casas de Acogida","0","Mestiza","Soltera","No","2021-09-17","Sí","Indagación previa","Exesposo / Expareja / Exconviviente","SUCUMBIOS","LAGO AGRIO","Femicidio / feminicidio","1"
"2021","9","Red Nacional de Casas de Acogida","3","Mestiza","Soltera","No aplica","2021-09-17","Sí","Indagación previa","Padre / padrastro","LOJA","LOJA","Femicidio / feminicidio","1"
"2021","9","Red Nacional de Casas de Acogida","37","Mestiza","Unión Libre","No","2021-09-10","Sí","Indagación previa","Esposo / Pareja / Conviviente","TUNGURAHUA","SAN PEDRO DE PELILEO","Femicidio / feminicidio","1"
"2021","11","Red Nacional de Casas de Acogida","40","Afro","No se conoce","No","2021-09-10","Sí","Indagación previa","Ninguna","PICHINCHA","DISTRITO METROPOLITANO DE QUITO","Otro","1"
"2021","9","Red Nacional de Casas de Acogida","55","Mestiza","No se conoce","No","2021-09-09","Sí","Indagación previa","Otra","GUAYAS","GUAYAQUIL","Femicidio / feminicidio","1"
"2021","9","Red Nacional de Casas de Acogida","31","Mestiza","Unión Libre","No","2021-09-09","Sí","Instrucción fiscal","Esposo / Pareja / Conviviente","PICHINCHA","CAYAMBE","Femicidio / feminicidio","1"
"2021","11","Red Nacional de Casas de Acogida","55","Mestiza","Casada","No","2021-09-09","Sí","Indagación previa","Familiar","GUAYAS","GUAYAQUIL","Femicidio / feminicidio","1"
"2021","11","Red Nacional de Casas de Acogida","24","Mestiza","Unión Libre","No","2021-09-03","Sí","Indagación previa","Ninguna","LOS RÍOS","QUEVEDO","Otro","1"
"2021","11","Red Nacional de Casas de Acogida","35","Mestiza","Unión Libre","No","2021-09-03","Sí","Indagación previa","Ninguna","LOS RÍOS","QUEVEDO","Otro","1"
"2021","9","Red Nacional de Casas de Acogida","60","Mestiza","No se conoce","No","2021-09-01","Sí","Indagación previa","No se conoce","GUAYAS","SAN JACINTO DE YAGUACHI","Otro","1"
"2021","9","Red Nacional de Casas de Acogida","20","Mestiza","No se conoce","No","2021-08-29","Sí","Indagación previa","Ninguna","TUNGURAHUA","AMBATO","Femicidio / feminicidio","1"
"2021","9","Red Nacional de Casas de Acogida","0","Mestiza","No se conoce","No","2021-08-29","Sí","Indagación previa","Ninguna","GUAYAS","GUAYAQUIL","Otro","1"
"2021","9","Red Nacional de Casas de Acogida","36","Mestiza","Unión Libre","No","2021-08-28","Sí","Indagación previa","Ninguna","GUAYAS","GUAYAQUIL","Otro","1"
"2021","10","Red Nacional de Casas de Acogida","23","Afro","No se conoce","Sí","2021-08-28","Sí","Indagación previa","No se conoce","ESMERALDAS","QUININDÉ","Femicidio / feminicidio","1"
"2021","8","Red Nacional de Casas de Acogida","35","Mestiza","Unión Libre","No","2021-08-22","Sí","Instrucción fiscal","Exesposo / Expareja / Exconviviente","GUAYAS","URBINA JADO","Femicidio / feminicidio","1"
"2021","9","Red Nacional de Casas de Acogida","17","Mestiza","Soltera","No","2021-08-19","Sí","Instrucción fiscal","Familiar","MORONA SANTIAGO","PALORA","Femicidio / feminicidio","1"
"2021","9","Red Nacional de Casas de Acogida","0","Indígena","Soltera","Sí","2021-08-18","Sí","Indagación previa","Novio / Enamorado / Pretendiente","LOJA","SARAGURO","Femicidio / feminicidio","1"
"2021","8","Red Nacional de Casas de Acogida","46","Mestiza","Casada","No","2021-08-15","Sí","Indagación previa","Ninguna","MANABÍ","PORTOVIEJO","Otro","1"
"2021","8","Red Nacional de Casas de Acogida","35","Mestiza","No se conoce","No se conoce","2021-08-15","Sí","Indagación previa","Ninguna","GUAYAS","GUAYAQUIL","Otro","1"
"2021","8","Red Nacional de Casas de Acogida","50","Mestiza","No se conoce","No","2021-08-13","Sí","Indagación previa","No se conoce","LOS RÍOS","QUINSALOMA","Otro","1"
"2021","8","Red Nacional de Casas de Acogida","35","Mestiza","Unión Libre","No","2021-08-10","Sí","Indagación previa","Esposo / Pareja / Conviviente","SUCUMBIOS","LAGO AGRIO","Femicidio / feminicidio","1"
"2021","8","Red Nacional de Casas de Acogida","32","Mestiza","Unión Libre","No","2021-08-09","Sí","Indagación previa","Esposo / Pareja / Conviviente","SANTO DOMINGO DE LOS TSÁCHILAS","LA CONCORDIA","Femicidio / feminicidio","1"
"2021","8","Red Nacional de Casas de Acogida","23","Mestiza","Soltera","No","2021-08-07","Sí","Indagación previa","No se conoce","SANTA ELENA","LA LIBERTAD","Femicidio / feminicidio","1"
"2021","8","Red Nacional de Casas de Acogida","25","Mestiza","Soltera","No","2021-08-07","No se conoce","nd","Esposo / Pareja / Conviviente","GUAYAS","GUAYAQUIL","Transfeminicidio","1"
"2021","8","Red Nacional de Casas de Acogida","34","Mestiza","Unión Libre","No","2021-08-05","Sí","Indagación previa","Ninguna","ESMERALDAS","QUININDÉ","Femicidio / feminicidio","1"
"2021","8","Red Nacional de Casas de Acogida","43","Mestiza","Soltera","No","2021-08-01","Sí","Indagación previa","Amigos / Conocidos","PICHINCHA","DISTRITO METROPOLITANO DE QUITO","Femicidio / feminicidio","1"
"2021","8","Red Nacional de Casas de Acogida","27","Mestiza","Soltera","No","2021-08-01","No se conoce","nd","Ninguna","GUAYAS","DAULE","Otro","1"
"2021","8","Red Nacional de Casas de Acogida","39","Mestiza","No se conoce","No se conoce","2021-07-31","Sí","Indagación previa","No se conoce","GUAYAS","GUAYAQUIL","Otro","1"
"2021","8","Red Nacional de Casas de Acogida","48","Mestiza","No se conoce","No","2021-07-31","Sí","Instrucción fiscal","Ninguna","MANABÍ","PUERTO LÓPEZ","Otro","1"
"2021","8","Red Nacional de Casas de Acogida","35","Mestiza","Casada","No","2021-07-30","Sí","Indagación previa","No se conoce","GUAYAS","GUAYAQUIL","Otro","1"
"2021","8","Red Nacional de Casas de Acogida","41","Mestiza","Casada","No","2021-07-29","Sí","Indagación previa","Ninguna","GUAYAS","GUAYAQUIL","Otro","1"
"2021","8","CEDHU","36","Indígena","Casada","No","2021-07-24","Sí","Instrucción fiscal","Esposo / Pareja / Conviviente","IMBABURA","IBARRA","Femicidio / feminicidio","1"
"2021","8","Red Nacional de Casas de Acogida","35","Mestiza","Soltera","No","2021-07-21","Sí","Indagación previa","Esposo / Pareja / Conviviente","ESMERALDAS","ATACAMES","Femicidio / feminicidio","1"
"2021","7","Red Nacional de Casas de Acogida","19","Mestiza","Soltera","No","2021-07-18","Sí","Indagación previa","Novio / Enamorado / Pretendiente","CHIMBORAZO","RIOBAMBA","Femicidio / feminicidio","1"
"2021","7","Red Nacional de Casas de Acogida","13","Mestiza","Soltera","No","2021-07-17","No se conoce","nd","No se conoce","ESMERALDAS","ESMERALDAS","Otro","1"
"2021","7","Red Nacional de Casas de Acogida","81","Mestiza","Casada","No","2021-07-05","Sí","Indagación previa","Esposo / Pareja / Conviviente","GUAYAS","GUAYAQUIL","Femicidio / feminicidio","1"
"2021","7","Red Nacional de Casas de Acogida","53","Mestiza","Soltera","No aplica","2021-07-03","Sí","Instrucción fiscal","Amigos / Conocidos","GUAYAS","GUAYAQUIL","Transfeminicidio","1"
"2021","8","Red Nacional de Casas de Acogida","27","Mestiza","No se conoce","No","2021-07-01","Sí","Indagación previa","Ninguna","IMBABURA","IBARRA","Femicidio / feminicidio","1"
"2021","9","Red Nacional de Casas de Acogida","24","Afro","No se conoce","No se conoce","2021-06-30","Sí","Indagación previa","No se conoce","ORELLANA","ORELLANA","Femicidio / feminicidio","1"
"2021","7","Red Nacional de Casas de Acogida","19","Mestiza","Soltera","No","2021-06-29","","nd","Ninguna","MANABÍ","PICHINCHA","Femicidio / feminicidio","1"
"2021","7","Red Nacional de Casas de Acogida","600","Mestiza","Soltera","No aplica","2021-06-29","Sí","Indagación previa","Padre / padrastro","GUAYAS","GUAYAQUIL","Muerte violenta por maltrato infantil","1"
"2021","10","Red Nacional de Casas de Acogida","16","No se conoce","Soltera","Sí","2021-06-23","Sí","Instrucción fiscal","Padre / padrastro","TUNGURAHUA","MOCHA","Femicidio / feminicidio","1"
"2021","6","Red Nacional de Casas de Acogida","0","Mestiza","No se conoce","No aplica","2021-06-22","No se conoce","nd","No se conoce","GUAYAS","NARANJAL","Transfeminicidio","1"
"2021","6","Red Nacional de Casas de Acogida","57","Mestiza","Casada","No","2021-06-20","Sí","Instrucción fiscal","Esposo / Pareja / Conviviente","AZUAY","CUENCA","Femicidio / feminicidio","1"
"2021","6","Red Nacional de Casas de Acogida","41","Mestiza","No se conoce","No se conoce","2021-06-20","Sí","Instrucción fiscal","Familiar","SUCUMBIOS","PUTUMAYO","Femicidio / feminicidio","1"
"2021","7","Red Nacional de Casas de Acogida","21","Mestiza","Soltera","No","2021-06-18","Sí","Instrucción fiscal","Exesposo / Expareja / Exconviviente","PICHINCHA","DISTRITO METROPOLITANO DE QUITO","Femicidio / feminicidio","1"
"2021","6","Red Nacional de Casas de Acogida","49","Mestiza","No se conoce","No","2021-06-17","Sí","Indagación previa","No se conoce","ESMERALDAS","SAN LORENZO","Otro","1"
"2021","6","Red Nacional de Casas de Acogida","26","Mestiza","Soltera","No","2021-06-16","Sí","Indagación previa","Ninguna","TUNGURAHUA","AMBATO","Otro","1"
"2021","6","Red Nacional de Casas de Acogida","0","Mestiza","No se conoce","No","2021-06-11","Sí","Indagación previa","No se conoce","GUAYAS","GUAYAQUIL","Transfeminicidio","1"
"2021","6","Red Nacional de Casas de Acogida","45","Afro","No se conoce","No","2021-06-08","Sí","Indagación previa","Ninguna","GUAYAS","NARANJAL","Otro","1"
"2021","6","Red Nacional de Casas de Acogida","0","Mestiza","No se conoce","No","2021-06-06","No se conoce","nd","Esposo / Pareja / Conviviente","GUAYAS","GUAYAQUIL","Femicidio / feminicidio","1"
"2021","6","Red Nacional de Casas de Acogida","42","Mestiza","Divorciada","No","2021-06-06","Sí","Indagación previa","Exesposo / Expareja / Exconviviente","LOS RÍOS","BUENA FÉ","Femicidio / feminicidio","1"
"2021","6","Red Nacional de Casas de Acogida","22","Mestiza","Soltera","No","2021-05-30","Sí","Indagación previa","No se conoce","LOS RÍOS","BABAHOYO","Otro","1"
"2021","6","Red Nacional de Casas de Acogida","26","Mestiza","No se conoce","No se conoce","2021-05-30","Sí","Indagación previa","Ninguna","MANABÍ","SANTA ANA","Otro","1"
"2021","6","Red Nacional de Casas de Acogida","36","Mestiza","Casada","No","2021-05-28","Sí","Indagación previa","Esposo / Pareja / Conviviente","MANABÍ","PUERTO LÓPEZ","Femicidio / feminicidio","1"
"2021","6","Red Nacional de Casas de Acogida","68","Mestiza","No se conoce","No","2021-05-28","Sí","Indagación previa","No se conoce","GUAYAS","GUAYAQUIL","Otro","1"
"2021","6","Red Nacional de Casas de Acogida","58","Mestiza","No se conoce","No","2021-05-23","Sí","Indagación previa","Ninguna","GUAYAS","GUAYAQUIL","Otro","1"
"2021","6","Red Nacional de Casas de Acogida","0","Mestiza","Unión Libre","No","2021-05-23","Sí","Indagación previa","Ninguna","GUAYAS","DURÁN","Otro","1"
"2021","6","Red Nacional de Casas de Acogida","46","Mestiza","Casada","No","2021-05-20","Sí","Instrucción fiscal","Exesposo / Expareja / Exconviviente","TUNGURAHUA","AMBATO","Femicidio / feminicidio","1"
"2021","6","Red Nacional de Casas de Acogida","0","Indígena","Soltera","No","2021-05-20","Sí","Indagación previa","Novio / Enamorado / Pretendiente","COTOPAXI","PUJILÍ","Femicidio / feminicidio","1"
"2021","9","Red Nacional de Casas de Acogida","29","Mestiza","Divorciada","No","2021-05-19","Sí","Indagación previa","Esposo / Pareja / Conviviente","PICHINCHA","DISTRITO METROPOLITANO DE QUITO","Femicidio / feminicidio","1"
"2021","5","Red Nacional de Casas de Acogida","4","Mestiza","Soltera","No aplica","2021-05-19","Sí","Indagación previa","Familiar","LOS RÍOS","QUEVEDO","Femicidio / feminicidio","1"
"2021","6","Red Nacional de Casas de Acogida","26","Mestiza","Soltera","No","2021-05-19","Sí","Indagación previa","No se conoce","GUAYAS","BALZAR","Femicidio / feminicidio","1"
"2021","5","Red Nacional de Casas de Acogida","45","Mestiza","Casada","No","2021-05-14","Sí","Indagación previa","No se conoce","LOS RÍOS","URDANETA","Otro","1"
"2021","5","Red Nacional de Casas de Acogida","28","Mestiza","Casada","No","2021-05-13","Sí","Indagación previa","Esposo / Pareja / Conviviente","COTOPAXI","LATACUNGA","Femicidio / feminicidio","1"
"2021","5","Red Nacional de Casas de Acogida","0","Mestiza","Casada","No","2021-05-08","Sí","Indagación previa","Esposo / Pareja / Conviviente","GUAYAS","GUAYAQUIL","Femicidio / feminicidio","1"
"2021","5","Red Nacional de Casas de Acogida","40","Mestiza","No se conoce","No","2021-05-07","Sí","Instrucción fiscal","No se conoce","GUAYAS","GUAYAQUIL","Otro","1"
"2021","5","Red Nacional de Casas de Acogida","48","Mestiza","No se conoce","No","2021-05-07","Sí","Indagación previa","Ninguna","GUAYAS","GUAYAQUIL","Otro","1"
"2021","5","Red Nacional de Casas de Acogida","41","Mestiza","No se conoce","No se conoce","2021-05-05","Sí","Indagación previa","No se conoce","GUAYAS","GUAYAQUIL","Otro","1"
"2021","5","Red Nacional de Casas de Acogida","42","Mestiza","Casada","No","2021-05-04","Sí","Indagación previa","Esposo / Pareja / Conviviente","MANABÍ","SUCRE","Otro","1"
"2021","5","Red Nacional de Casas de Acogida","27","Mestiza","Soltera","No","2021-05-04","Sí","Instrucción fiscal","Exesposo / Expareja / Exconviviente","GUAYAS","PEDRO CARBO","Femicidio / feminicidio","1"
"2021","5","Red Nacional de Casas de Acogida","22","Otra","No se conoce","No","2021-05-04","Sí","Indagación previa","No se conoce","ZAMORA CHINCHIPE","EL PANGUI","Femicidio / feminicidio","1"
"2021","5","Red Nacional de Casas de Acogida","48","Mestiza","Unión Libre","No","2021-05-02","Sí","Indagación previa","Esposo / Pareja / Conviviente","GUAYAS","NARANJITO","Femicidio / feminicidio","1"
"2021","5","Red Nacional de Casas de Acogida","0","Mestiza","No se conoce","No","2021-04-29","No se conoce","nd","No se conoce","GUAYAS","GUAYAQUIL","Femicidio / feminicidio","1"
"2021","5","Red Nacional de Casas de Acogida","30","Mestiza","No se conoce","No","2021-04-29","Sí","Indagación previa","No se conoce","GUAYAS","GUAYAQUIL","Femicidio / feminicidio","1"
"2021","5","Red Nacional de Casas de Acogida","22","Mestiza","No se conoce","No se conoce","2021-04-26","Sí","Indagación previa","Esposo / Pareja / Conviviente","EL ORO","HUAQUILLAS","Femicidio / feminicidio","1"
"2021","5","Red Nacional de Casas de Acogida","22","Mestiza","Unión Libre","No se conoce","2021-04-23","Sí","Indagación previa","Esposo / Pareja / Conviviente","GUAYAS","ALFREDO BAQUERIZO MORENO","Femicidio / feminicidio","1"
"2021","6","Red Nacional de Casas de Acogida","0","Mestiza","Soltera","No se conoce","2021-04-22","Sí","Indagación previa","No se conoce","PICHINCHA","DISTRITO METROPOLITANO DE QUITO","Femicidio / feminicidio","1"
"2021","4","Red Nacional de Casas de Acogida","0","Mestiza","Unión Libre","No","2021-04-21","Sí","Instrucción fiscal","Esposo / Pareja / Conviviente","GUAYAS","SAMBORONDÓN","Femicidio / feminicidio","1"
"2021","6","Red Nacional de Casas de Acogida","37","Mestiza","No se conoce","No","2021-04-19","No se conoce","nd","Ninguna","GUAYAS","GUAYAQUIL","Otro","1"
"2021","6","Red Nacional de Casas de Acogida","20","Mestiza","Soltera","No","2021-04-19","No se conoce","nd","Ninguna","GUAYAS","GUAYAQUIL","Otro","1"
"2021","5","Red Nacional de Casas de Acogida","33","No se conoce","No se conoce","No se conoce","2021-04-18","Sí","Indagación previa","Ninguna","ESMERALDAS","ESMERALDAS","Otro","1"
"2021","5","Red Nacional de Casas de Acogida","25","Mestiza","No se conoce","No","2021-04-17","Sí","Indagación previa","Ninguna","LOS RÍOS","BABAHOYO","Otro","1"
"2021","4","Red Nacional de Casas de Acogida","19","Mestiza","No se conoce","No se conoce","2021-04-17","Sí","Indagación previa","No se conoce","PASTAZA","PASTAZA","Femicidio / feminicidio","1"
"2021","5","Red Nacional de Casas de Acogida","26","Mestiza","Soltera","No","2021-04-17","Sí","Indagación previa","Exesposo / Expareja / Exconviviente","AZUAY","CUENCA","Femicidio / feminicidio","1"
"2021","4","Red Nacional de Casas de Acogida","73","Mestiza","Casada","No","2021-04-16","Sí","Indagación previa","No se conoce","PICHINCHA","SAN MIGUEL DE LOS BANCOS","Femicidio / feminicidio","1"
"2021","5","Red Nacional de Casas de Acogida","29","Mestiza","Unión Libre","No","2021-04-16","Sí","Instrucción fiscal","Esposo / Pareja / Conviviente","PICHINCHA","DISTRITO METROPOLITANO DE QUITO","Femicidio / feminicidio","1"
"2021","5","Red Nacional de Casas de Acogida","32","Mestiza","Unión Libre","Sí","2021-04-12","Sí","Indagación previa","Esposo / Pareja / Conviviente","CHIMBORAZO","GUANO","Femicidio / feminicidio","1"
"2021","4","Red Nacional de Casas de Acogida","24","Mestiza","No se conoce","No","2021-04-10","Sí","Indagación previa","No se conoce","PICHINCHA","DISTRITO METROPOLITANO DE QUITO","Femicidio / feminicidio","1"
"2021","5","Red Nacional de Casas de Acogida","39","Mestiza","Soltera","No","2021-04-09","No se conoce","nd","Esposo / Pareja / Conviviente","GUAYAS","GUAYAQUIL","Femicidio / feminicidio","1"
"2021","4","Red Nacional de Casas de Acogida","36","No se conoce","No se conoce","No","2021-04-08","Sí","Indagación previa","No se conoce","GUAYAS","GUAYAQUIL","Otro","1"
"2021","4","Red Nacional de Casas de Acogida","46","Mestiza","Soltera","No","2021-04-08","Sí","Indagación previa","Novio / Enamorado / Pretendiente","SANTO DOMINGO DE LOS TSÁCHILAS","SANTO DOMINGO","Femicidio / feminicidio","1"
"2021","4","Red Nacional de Casas de Acogida","64","Indígena","Casada","No","2021-04-07","Sí","Indagación previa","Esposo / Pareja / Conviviente","TUNGURAHUA","SAN PEDRO DE PELILEO","Femicidio / feminicidio","1"
"2021","4","CEDHU","27","Mestiza","No se conoce","No","2021-04-05","Sí","Indagación previa","No se conoce","GUAYAS","GUAYAQUIL","Femicidio / feminicidio","1"
"2021","4","CEDHU","33","Mestiza","Unión Libre","No","2021-04-04","Sí","Indagación previa","Esposo / Pareja / Conviviente","GUAYAS","DAULE","Femicidio / feminicidio","1"
"2021","4","Red Nacional de Casas de Acogida","24","Mestiza","Unión Libre","No","2021-04-01","Sí","Indagación previa","Exesposo / Expareja / Exconviviente","MANABÍ","CHONE","Femicidio / feminicidio","1"
"2021","4","Red Nacional de Casas de Acogida","26","Mestiza","No se conoce","No","2021-04-01","Sí","Indagación previa","No se conoce","COTOPAXI","LATACUNGA","Otro","1"
"2021","4","Red Nacional de Casas de Acogida","55","Mestiza","Casada","No","2021-03-31","Sí","Indagación previa","Ninguna","GUAYAS","GUAYAQUIL","Otro","1"
"2021","4","Red Nacional de Casas de Acogida","24","No se conoce","Casada","No","2021-03-27","Sí","Instrucción fiscal","Esposo / Pareja / Conviviente","CARCHI","MIRA","Femicidio / feminicidio","1"
"2021","4","Red Nacional de Casas de Acogida","22","Mestiza","Soltera","No","2021-03-27","Sí","Indagación previa","Amigos / Conocidos","GUAYAS","BALAO","Femicidio / feminicidio","1"
"2021","4","Red Nacional de Casas de Acogida","24","Indígena","Divorciada","No","2021-03-24","Sí","Instrucción fiscal","Exesposo / Expareja / Exconviviente","PICHINCHA","DISTRITO METROPOLITANO DE QUITO","Femicidio / feminicidio","1"
"2021","6","Red Nacional de Casas de Acogida","33","Mestiza","No se conoce","No","2021-03-23","No se conoce","nd","No se conoce","GUAYAS","GUAYAQUIL","Otro","1"
"2021","5","Red Nacional de Casas de Acogida","24","Mestiza","No se conoce","No","2021-03-21","Sí","Indagación previa","No se conoce","GUAYAS","CORONEL MARCELINO MARIDUEÑA","Femicidio / feminicidio","1"
"2021","4","Red Nacional de Casas de Acogida","62","Indígena","Unión Libre","No","2021-03-21","Sí","Instrucción fiscal","Esposo / Pareja / Conviviente","COTOPAXI","PUJILÍ","Femicidio / feminicidio","1"
"2021","8","Red Nacional de Casas de Acogida","18","Mestiza","Soltera","No","2021-03-20","Sí","Indagación previa","Amigos / Conocidos","PICHINCHA","DISTRITO METROPOLITANO DE QUITO","Femicidio / feminicidio","1"
"2021","6","Red Nacional de Casas de Acogida","63","Mestiza","No se conoce","No","2021-03-18","No se conoce","nd","No se conoce","SUCUMBIOS","LAGO AGRIO","Otro","1"
"2021","4","Red Nacional de Casas de Acogida","55","Mestiza","No se conoce","No","2021-03-09","Sí","Indagación previa","Ninguna","CAÑAR","LA TRONCAL","Otro","1"
"2021","6","Red Nacional de Casas de Acogida","31","Mestiza","Unión Libre","No","2021-03-09","Sí","Instrucción fiscal","Exesposo / Expareja / Exconviviente","PICHINCHA","DISTRITO METROPOLITANO DE QUITO","Femicidio / feminicidio","1"
"2021","4","Red Nacional de Casas de Acogida","35","Mestiza","Unión Libre","No","2021-03-09","Sí","Indagación previa","Ninguna","CAÑAR","LA TRONCAL","Otro","1"
"2021","3","Red Nacional de Casas de Acogida","26","Afro","Unión Libre","No","2021-03-09","No","nd","Esposo / Pareja / Conviviente","PICHINCHA","DISTRITO METROPOLITANO DE QUITO","Femicidio / feminicidio","1"
"2021","5","Red Nacional de Casas de Acogida","45","Mestiza","Casada","No","2021-03-08","Sí","Indagación previa","No se conoce","GUAYAS","GUAYAQUIL","Otro","1"
"2021","5","Red Nacional de Casas de Acogida","27","Mestiza","Unión Libre","No","2021-03-08","Sí","Indagación previa","No se conoce","GUAYAS","GUAYAQUIL","Otro","1"
"2021","4","Red Nacional de Casas de Acogida","2","Mestiza","Soltera","No aplica","2021-03-08","Sí","Indagación previa","Ninguna","GUAYAS","GUAYAQUIL","Otro","1"
"2021","3","Red Nacional de Casas de Acogida","32","Mestiza","Soltera","No","2021-03-06","Sí","Indagación previa","Familiar","MANABÍ","OLMEDO","Femicidio / feminicidio","1"
"2021","3","Red Nacional de Casas de Acogida","43","Mestiza","Unión Libre","No","2021-03-03","Sí","Indagación previa","Amigos / Conocidos","GUAYAS","EL EMPALME","Femicidio / feminicidio","1"
"2021","4","Red Nacional de Casas de Acogida","30","Afro","Soltera","No","2021-03-02","Sí","Indagación previa","No se conoce","LOS RÍOS","BABAHOYO","Otro","1"
"2021","3","Red Nacional de Casas de Acogida","56","Mestiza","Unión Libre","No","2021-03-01","Sí","Indagación previa","Esposo / Pareja / Conviviente","GUAYAS","GUAYAQUIL","Femicidio / feminicidio","1"
"2021","3","Red Nacional de Casas de Acogida","20","Mestiza","Unión Libre","No","2021-02-28","Sí","Instrucción fiscal","Esposo / Pareja / Conviviente","PICHINCHA","DISTRITO METROPOLITANO DE QUITO","Femicidio / feminicidio","1"
"2021","3","Red Nacional de Casas de Acogida","30","Mestiza","Casada","No","2021-02-25","Sí","Indagación previa","Esposo / Pareja / Conviviente","SANTO DOMINGO DE LOS TSÁCHILAS","SANTO DOMINGO","Femicidio / feminicidio","1"
"2021","4","Red Nacional de Casas de Acogida","64","Mestiza","No se conoce","No","2021-02-20","Sí","Instrucción fiscal","Amigos / Conocidos","AZUAY","CUENCA","Femicidio / feminicidio","1"
"2021","7","Red Nacional de Casas de Acogida","44","Mestiza","No se conoce","No aplica","2021-02-18","Sí","Indagación previa","No se conoce","MANABÍ","MONTECRISTI","Transfeminicidio","1"
"2021","5","Red Nacional de Casas de Acogida","44","Mestiza","Soltera","No","2021-02-18","Sí","Indagación previa","Exesposo / Expareja / Exconviviente","GUAYAS","CORONEL MARCELINO MARIDUEÑA","Femicidio / feminicidio","1"
"2021","6","Red Nacional de Casas de Acogida","24","Mestiza","Casada","No","2021-02-17","No se conoce","nd","Ninguna","MANABÍ","CHONE","Otro","1"
"2021","4","Red Nacional de Casas de Acogida","26","Mestiza","Soltera","No","2021-02-13","Sí","Indagación previa","No se conoce","CHIMBORAZO","RIOBAMBA","Femicidio / feminicidio","1"
"2021","3","Red Nacional de Casas de Acogida","25","Mestiza","Divorciada","No","2021-02-12","Sí","Indagación previa","Exesposo / Expareja / Exconviviente","SANTA ELENA","LA LIBERTAD","Femicidio / feminicidio","1"
"2021","3","Red Nacional de Casas de Acogida","33","Mestiza","No se conoce","No","2021-02-12","Sí","Indagación previa","No se conoce","CHIMBORAZO","GUANO","Femicidio / feminicidio","1"
"2021","5","Red Nacional de Casas de Acogida","3","Mestiza","Soltera","No aplica","2021-02-11","Sí","Indagación previa","Familiar","PICHINCHA","DISTRITO METROPOLITANO DE QUITO","Muerte violenta por maltrato infantil","1"
"2021","5","Red Nacional de Casas de Acogida","20","Mestiza","No se conoce","No se conoce","2021-02-09","Sí","Indagación previa","No se conoce","GUAYAS","GUAYAQUIL","Femicidio / feminicidio","1"
"2021","2","Red Nacional de Casas de Acogida","23","Mestiza","Casada","No","2021-02-08","No","nd","Esposo / Pareja / Conviviente","MANABÍ","SUCRE","Femicidio / feminicidio","1"
"2021","2","Red Nacional de Casas de Acogida","22","Mestiza","Unión Libre","No","2021-02-07","Sí","Instrucción fiscal","Exesposo / Expareja / Exconviviente","ZAMORA CHINCHIPE","ZAMORA","Femicidio / feminicidio","1"
"2021","4","Red Nacional de Casas de Acogida","36","Mestiza","Unión Libre","No","2021-02-04","Sí","Instrucción fiscal","Esposo / Pareja / Conviviente","GUAYAS","DAULE","Femicidio / feminicidio","1"
"2021","5","Red Nacional de Casas de Acogida","0","Mestiza","Unión Libre","No","2021-01-28","No","nd","Esposo / Pareja / Conviviente","AZUAY","CUENCA","Femicidio / feminicidio","1"
"2021","4","Red Nacional de Casas de Acogida","58","Mestiza","Casada","No","2021-01-28","Sí","Indagación previa","No se conoce","CHIMBORAZO","RIOBAMBA","Femicidio / feminicidio","1"
"2021","5","Red Nacional de Casas de Acogida","17","Indígena","Soltera","No","2021-01-25","Sí","Instrucción fiscal","Padre / padrastro","SUCUMBIOS","SHUSHUFINDI","Femicidio / feminicidio","1"
"2021","3","Red Nacional de Casas de Acogida","44","Mestiza","Viuda","No","2021-01-25","Sí","Indagación previa","No se conoce","MANABÍ","PICHINCHA","Femicidio / feminicidio","1"
"2021","5","CEDHU","26","Mestiza","Unión Libre","No","2021-01-24","Sí","Indagación previa","Esposo / Pareja / Conviviente","AZUAY","CAMILO PONCE ENRÍQUEZ","Femicidio / feminicidio","1"
"2021","5","Red Nacional de Casas de Acogida","1","Mestiza","Soltera","No aplica","2021-01-19","Sí","Instrucción fiscal","No se conoce","GUAYAS","GUAYAQUIL","Otro","1"
"2021","1","Red Nacional de Casas de Acogida","35","Mestiza","Casada","No","2021-01-19","Sí","Indagación previa","Esposo / Pareja / Conviviente","SUCUMBIOS","SHUSHUFINDI","Femicidio / feminicidio","1"
"2021","5","Red Nacional de Casas de Acogida","32","Mestiza","No se conoce","No se conoce","2021-01-17","Sí","Indagación previa","No se conoce","GUAYAS","NARANJAL","Otro","1"
"2021","5","Red Nacional de Casas de Acogida","66","Mestiza","Casada","No","2021-01-12","Sí","Indagación previa","No se conoce","LOS RÍOS","BABAHOYO","Otro","1"
"2021","5","Red Nacional de Casas de Acogida","35","Mestiza","Viuda","No","2021-01-09","Sí","Indagación previa","No se conoce","MANABÍ","EL CARMEN","Otro","1"
"2021","4","Red Nacional de Casas de Acogida","36","Mestiza","Divorciada","No","2021-01-06","Sí","Indagación previa","No se conoce","GUAYAS","GUAYAQUIL","Femicidio / feminicidio","1"
"2021","4","CEDHU","39","Mestiza","Unión Libre","No","2021-01-03","Sí","Instrucción fiscal","Esposo / Pareja / Conviviente","MANABÍ","CHONE","Femicidio / feminicidio","1"
"2021","5","Red Nacional de Casas de Acogida","24","Mestiza","Soltera","No","2021-01-01","No","","No se conoce","LOS RÍOS","VENTANAS","Transfeminicidio","1"
